"records__id","records__createdTime","records__fields__Fundraising Round","records__fields__Date","records__fields__Amount","records__fields__Announcement ","records__fields__Stage","records__fields__Investors__001","records__fields__Investors__002","records__fields__Investors__003","records__fields__Investors__004","records__fields__Investors__005","records__fields__Investors__006","records__fields__Investors__007","records__fields__Investors__008","records__fields__Investors__009","records__fields__Investors__010","records__fields__Investors__011","records__fields__Investors__012","records__fields__Investors__013","records__fields__Investors__014","records__fields__Investors__015","records__fields__Company__-","records__fields__Type (Stage)","records__fields__Source__label","records__fields__Source__url","records__fields__Category__-","records__fields__Sector__-","records__fields__Sector (from Company)__-","records__fields__Category (from Company)__-","offset"
"rec04r1reIpUbqhiE","2025-03-05T21:45:50.000Z","Chaos – Series A","2023-03-06","70000000","https://news.crunchbase.com/venture/chaos-industries-defense-tech-anduril/","Early Stage Venture","reccTnWWnqOapE9LG","recXlJKIN5PYEvadR","recKtA3iQrTCJdB0V","recp1nxVLWk7LfBKN","recgtW9zIDbUCriL2","recjWw7CqJaOr3CYY","","","","","","","","","","recp83xjDN2QdAdOX","Series A","↗","https://news.crunchbase.com/venture/chaos-industries-defense-tech-anduril/","recpyzqQCE1YWMU9O","rec4xxrjaPbNq6f1u","rec4xxrjaPbNq6f1u","recpyzqQCE1YWMU9O","itrbFocO8Va713O08/recTyD73gBYFPrDh1"
"rec06dnM6h2EciosK","2025-03-17T18:06:04.000Z","Firefly – Series A","2021-05-05","75000000","https://fireflyspace.com/news/firefly-completes-oversubscribed-75m-series-a-and-100m-secondary-transaction/","Early Stage Venture","reco7VNPrZYO1r1QD","recwijxmp05pYjvW1","recDpAiJ93zB3b7MY","recyxNtLCLHdEPfrF","recW3zLv4W4BpFH6j","recw0rKFPdmP6pQzD","recYyIbh80b8bf1Si","","","","","","","","","recrPuPcemcmCbl8E","Series A","↗","https://fireflyspace.com/news/firefly-completes-oversubscribed-75m-series-a-and-100m-secondary-transaction/","recVXgbGCCmryjUeM","recysV1dDK9D0NT31","recysV1dDK9D0NT31","recVXgbGCCmryjUeM",""
"rec0EAE8lEtOHpygm","2025-03-06T18:59:06.000Z","Saildrone – Series C","2021-10-18","100000000","https://www.saildrone.com/news/saildrone-advance-ocean-intelligence-series-c-funding","Late Stage Venture","recq4T5OhIcISvILa","recOt0vyMZHtkOvss","recR8QQg3MeqzyYAC","recb3q5YXnZBcCP9b","recanTQSGmjLrAs51","recgwY9lunJDGn48A","rec2GHl3NumqPAuBC","recHNJd0IOOsHEYkO","recFSO59Czwz78aLf","","","","","","","recF7mne6kDRuUXoD","Series C","↗","https://www.saildrone.com/news/saildrone-advance-ocean-intelligence-series-c-funding","reck9rb9NUDRVYQm5","recApW4w70x92IwWB","recApW4w70x92IwWB","reck9rb9NUDRVYQm5",""
"rec0H2N05l8QI7Ktw","2025-03-06T18:59:10.000Z","Saildrone – Series A","2016-09-05","14000000","https://www.prnewswire.com/news-releases/saildrone-inc-raises-14-million-in-series-a-funding-to-expand-its-fleet-of-sailing-drones-and-ocean-data-services-300322444.html","Early Stage Venture","","","","","","","","","","","","","","","","recF7mne6kDRuUXoD","Series A","↗","https://www.prnewswire.com/news-releases/saildrone-inc-raises-14-million-in-series-a-funding-to-expand-its-fleet-of-sailing-drones-and-ocean-data-services-300322444.html","reck9rb9NUDRVYQm5","recApW4w70x92IwWB","recApW4w70x92IwWB","reck9rb9NUDRVYQm5",""
"rec0oTleWjLeyHEQi","2025-03-13T17:40:23.000Z","K2 Space – Series B","2025-02-13","110000000","https://www.prnewswire.com/news-releases/k2-space-announces-110m-series-b-and-first-successful-in-space-demonstration-302375955.html","Early Stage Venture","reckzI5lsxnGTU2Fy","recLsG7f7qqC8KxuU","recuTPxuINugi3JYz","recgf9yONRO0vP9n6","","","","","","","","","","","","recn8335qeKsipGcl","Series B","↗","https://www.prnewswire.com/news-releases/k2-space-announces-110m-series-b-and-first-successful-in-space-demonstration-302375955.html","recVXgbGCCmryjUeM","reczCf603xnzrW5w1","reczCf603xnzrW5w1","recVXgbGCCmryjUeM",""
"rec1d59Z1VKPAWYcL","2025-04-02T17:22:14.000Z","REGENT – Strategic","2022-02-04","18000000","https://www.regentcraft.com/news/regent-raises-18m-from-strategic-investors-to-accelerate-development-of-its-full-scale-12-passenger-prototype","Miscellaneous","recJCP3aR3YjKBp1g","receCvHpEj9SaTOfj","recK1rJWAKnphwj4a","reccmtkks8FX4IXp3","rec7cKrDkTjzuRIsG","","","","","","","","","","","recstc0yBh8guRP7o","Strategic","↗","https://www.regentcraft.com/news/regent-raises-18m-from-strategic-investors-to-accelerate-development-of-its-full-scale-12-passenger-prototype","reck9rb9NUDRVYQm5","recApW4w70x92IwWB","recApW4w70x92IwWB","reck9rb9NUDRVYQm5",""
"rec1mBThG8p9JIS22","2025-03-21T17:23:47.000Z","Re:Build – Undisclosed","2024-09-25","120000000","https://rebuildmanufacturing.com/news/general-catalyst-invests-in-rebuild-manufacturing/","Miscellaneous","recj33oP2ndWNbQyD","","","","","","","","","","","","","","","recrRib4PlIvcgTFf","Undisclosed","↗","https://rebuildmanufacturing.com/news/general-catalyst-invests-in-rebuild-manufacturing/","recLSNFkL4Mx5vIAj","recu1BZw3cCaj0pqj","recu1BZw3cCaj0pqj","recLSNFkL4Mx5vIAj",""
"rec2DkJXZ0F0AXGiD","2025-03-07T19:22:17.000Z","Saronic – Seed","2023-01-01","15000000","https://silentventures.medium.com/silent-ventures-backed-saronic-raises-55m-series-a-will-redefine-u-s-maritime-superiority-48fbf26f687b","Seed","recYfjBBxGdSwCQfL","recDtmxZfkMJF2pWx","reccTnWWnqOapE9LG","recZmfr98DI6XMvbN","reckzI5lsxnGTU2Fy","recYvSoNgbossvLlR","reckWQTR7sV9Vx1pT","recqgTCGaKR9qtd56","","","","","","","","rec0Yyo4zatqEJdTj","Seed","↗","https://silentventures.medium.com/silent-ventures-backed-saronic-raises-55m-series-a-will-redefine-u-s-maritime-superiority-48fbf26f687b","reck9rb9NUDRVYQm5","recApW4w70x92IwWB","recApW4w70x92IwWB","reck9rb9NUDRVYQm5",""
"rec2FdEdIQ2IEeOWQ","2025-03-07T20:55:03.000Z","Hadrian – Seed","2021-04-01","9500000","https://techcrunch.com/2021/04/15/hadrian-is-building-the-factories-of-the-future-for-rocket-ships-and-advanced-manufacturing/","Seed","recgwY9lunJDGn48A","recGzauRoov9AeqdU","recRLcDhGM37OeJ24","","","","","","","","","","","","","recmsqSpKGoxBCmug","Seed","↗","https://techcrunch.com/2021/04/15/hadrian-is-building-the-factories-of-the-future-for-rocket-ships-and-advanced-manufacturing/","recLSNFkL4Mx5vIAj","recu1BZw3cCaj0pqj","recu1BZw3cCaj0pqj","recLSNFkL4Mx5vIAj",""
"rec2GZrMaErT323ZV","2025-03-05T22:33:58.000Z","Deterrence – Seed","2024-12-12","10100000","https://www.prweb.com/releases/deterrence-secures-10-1m-in-funding-to-automate-energetics-production-302329902.html","Seed","recAhunz2xPdJmlZ2","recfOC4ducahp66Uw","reco1iUOqbpAXvqbe","recNBsGFtuUw3K9fX","rec1UtKHHEDoigTaJ","recXbfry8QNR6O0RG","","","","","","","","","","reclRRHg5fIY6Pdmq","Seed","↗","https://www.prweb.com/releases/deterrence-secures-10-1m-in-funding-to-automate-energetics-production-302329902.html","recnikZjj0rLnQKC5","rec35pUeOAkQ2V4Db","rec35pUeOAkQ2V4Db","recnikZjj0rLnQKC5",""
"rec2bSpdXuahwg6EP","2025-03-19T00:42:38.000Z","Applied Intuition – Series B","2019-09-12","40000000","https://www.appliedintuition.com/news/series-b-announcement","Early Stage Venture","recj33oP2ndWNbQyD","rechmqBHCC5FNalTY","recZmfr98DI6XMvbN","recgwY9lunJDGn48A","recPVmZ2OIaaP4ASn","recLKqzurXUfxEKFE","recrNUyavIRkN0Mmv","reciPvXpvOOwZ5Upc","","","","","","","","recUYFBRH0jKtbVbs","Series B","↗","https://www.appliedintuition.com/news/series-b-announcement","recuShUrIV9xrXGLE","reciu5ST3fEX65k4T","reciu5ST3fEX65k4T","recuShUrIV9xrXGLE",""
"rec2nHBG5uiWXkZKw","2025-03-19T20:14:43.000Z","Impulse Space – Strategic","2022-06-16","10000000","https://www.impulsespace.com/updates/impulse-space-secures-dollar10m-from-lux-capital-rounding-out-recent-funding-to-dollar30m","Miscellaneous","recgwY9lunJDGn48A","","","","","","","","","","","","","","","rec1N9LDpw5Qub0QG","Strategic","↗","https://www.impulsespace.com/updates/impulse-space-secures-dollar10m-from-lux-capital-rounding-out-recent-funding-to-dollar30m","recVXgbGCCmryjUeM","recysV1dDK9D0NT31","recysV1dDK9D0NT31","recVXgbGCCmryjUeM",""
"rec2rZm4umQ1Qk9jt","2025-03-13T18:38:45.000Z","Zeno Power – Series A","2022-04-28","20000000","https://www.pallasadvisors.com/post/pallas-ventures-invests-in-zeno-power-series-a","Early Stage Venture","recHNJd0IOOsHEYkO","rec3baywzI7MGPZWV","recI2OZMYPxqbI66I","rechF2rsM7x5iljK9","recEjFuv60xhcXrcy","","","","","","","","","","","rec7ctqsgZmdWv7O0","Series A","↗","https://www.pallasadvisors.com/post/pallas-ventures-invests-in-zeno-power-series-a","recLSNFkL4Mx5vIAj","recBVwAAKQNNINAAv","recBVwAAKQNNINAAv","recLSNFkL4Mx5vIAj",""
"rec34RPKnu60sls3b","2025-03-19T18:57:34.000Z","Auterion – Undisclosed","2018-11-04","10000000","https://venturebeat.com/entrepreneur/auterion-raises-10-million-for-open-source-drone-operating-system/","Miscellaneous","recqaoHuP09vZ6jav","recNORIqo85bf7gzo","rechHxChHYTivG4sK","recQD7fcZzFMXnxQK","","","","","","","","","","","","rec7Cn1n5H9WBv9s6","Undisclosed","↗","https://venturebeat.com/entrepreneur/auterion-raises-10-million-for-open-source-drone-operating-system/","recuShUrIV9xrXGLE","reciu5ST3fEX65k4T","reciu5ST3fEX65k4T","recuShUrIV9xrXGLE",""
"rec39u9n3xdQtzCUW","2025-03-05T19:43:25.000Z","ACUA Ocean – Pre-Seed","2024-12-11","1900000","https://www.oceansciencetechnology.com/news/acua-ocean-receives-backing-to-develop-hydrogen-powered-usv/","Seed","recU1kJjPTI2KVbXl","recjdudMnjcoCE23e","recvDkZsuDtsEVzmE","recZAIYZgOwanJcTF","","","","","","","","","","","","recywWFSpc4xuUUMD","Pre-Seed","↗","https://www.oceansciencetechnology.com/news/acua-ocean-receives-backing-to-develop-hydrogen-powered-usv/","reck9rb9NUDRVYQm5","recApW4w70x92IwWB","recApW4w70x92IwWB","reck9rb9NUDRVYQm5",""
"rec3BrHl7MTYBZU2c","2025-03-18T17:27:19.000Z","Dedrone – Extension","2022-07-13","30000000","https://www.dedrone.com/press/dedrone-closes-30-million-series-c-1-financing","Late Stage Venture","recRAQy7trFmyjgkC","recli3NfBG996nCPm","recSrPavmBMzxSIak","recA32JYdAu3ugTz5","recySm4bmq9jGPbr1","","","","","","","","","","","recDZqZNW3zDaxye0","Extension","↗","https://www.dedrone.com/press/dedrone-closes-30-million-series-c-1-financing","recpyzqQCE1YWMU9O","recs326vFiukl29xA","recs326vFiukl29xA","recpyzqQCE1YWMU9O",""
"rec3WvOkmtnlNq180","2025-03-04T21:37:41.000Z","Second Front Systems – Series C","2024-09-16","70000000","https://www.secondfront.com/resources/blog/series-c-ceo-announcement/","Late Stage Venture","receAb3dnxEMB5EUL","rec7tncubRBbuZ3gO","recqREElYbfQ6wN7w","rec8ZrgQcLvBJ25jb","recnATolEFSwLNKaF","","","","","","","","","","","rec02fPErV66Stuoo","Series C","↗","https://www.secondfront.com/resources/blog/series-c-ceo-announcement/","recuShUrIV9xrXGLE","reciu5ST3fEX65k4T","reciu5ST3fEX65k4T","recuShUrIV9xrXGLE",""
"rec3X27I40ye4jz4K","2025-03-19T20:06:16.000Z","Gecko Robotics – Series B","2019-12-16","40000000","https://www.prnewswire.com/news-releases/y-combinator-alum-gecko-robotics-raises-40-million-series-b-round-led-by-drive-capital-supporting-rapid-growth-in-industrial-inspection-robotics-300975388.html","Early Stage Venture","recNgUXoULoaH7lOa","recGzauRoov9AeqdU","rec8dqiHHKWUDQLuZ","recQdCLeypE3fHJP0","recH3k2G6pXulx6x4","recU2enlQj75rCATY","recFw8CcXX7MGHGcH","rec2dnEXUNHS9aunp","recs59UPyOgoCwFon","recFXKojumer6NVqS","","","","","","recFW58gHq4EqB5GX","Series B","↗","https://www.prnewswire.com/news-releases/y-combinator-alum-gecko-robotics-raises-40-million-series-b-round-led-by-drive-capital-supporting-rapid-growth-in-industrial-inspection-robotics-300975388.html","recLSNFkL4Mx5vIAj","recLUAIJ8W4jUAoHX","recLUAIJ8W4jUAoHX","recLSNFkL4Mx5vIAj",""
"rec3yrj6pqofZPtTP","2025-03-16T21:16:22.000Z","Ursa Major – Series D","2023-11-30","138000000","https://www.ursamajor.com/media/press-release/ursa-majors-dollar138m-boost-new-solid-rocket-motors-and-scaled-propulsion","Late Stage Venture","rec9FInCQJ1DO0Kkl","recZfF05TBLTFli8z","rechnturEBzk5jlLb","","","","","","","","","","","","","recstdDXVJk86xyOg","Series D","↗","https://www.ursamajor.com/media/press-release/ursa-majors-dollar138m-boost-new-solid-rocket-motors-and-scaled-propulsion","recnikZjj0rLnQKC5","recPEDmAtpBYSRyfG","recPEDmAtpBYSRyfG","recnikZjj0rLnQKC5",""
"rec4MminK8cNi5o6A","2025-03-20T15:59:07.000Z","Proteus Space – Seed","2025-03-18","6100000","https://spacenews.com/proteus-achieves-breakthrough-in-automated-high-fidelity-structural-design-signs-first-commercial-payload-customer-and-secures-oversubscribed-6-1m-seed-2-funding/","Seed","recWIjYHXZlanV3tC","reckCWm8LEtn694nW","recD4EWRX5iXDy74X","rec5E6yJZTEH6r5j7","recMvceahCqVrhgET","","","","","","","","","","","recdVzSjjvjwqslFg","Seed","↗","https://spacenews.com/proteus-achieves-breakthrough-in-automated-high-fidelity-structural-design-signs-first-commercial-payload-customer-and-secures-oversubscribed-6-1m-seed-2-funding/","recVXgbGCCmryjUeM","reczCf603xnzrW5w1","reczCf603xnzrW5w1","recVXgbGCCmryjUeM",""
"rec4bzsGu7FgLovOA","2025-03-06T20:02:28.000Z","Skydio – Seed","2015-01-15","3000000","https://cdixon.org/2015/01/15/skydio","Seed","recZmfr98DI6XMvbN","","","","","","","","","","","","","","","recN7l5hjhx4FJObv","Seed","↗","https://cdixon.org/2015/01/15/skydio","reck9rb9NUDRVYQm5","recxDRZMpAit2jx2p","recxDRZMpAit2jx2p","reck9rb9NUDRVYQm5",""
"rec4kUoujLTbvtaJ2","2025-03-07T19:46:56.000Z","Sphinx – Strategic","2024-11-18","0","https://www.block3.us/news-post","Miscellaneous","rec9EDpyynaquW9De","","","","","","","","","","","","","","","recPCzeraD5iFk2Ng","Strategic","↗","https://www.block3.us/news-post","recuShUrIV9xrXGLE","recVn88k2eVvGtlan","recVn88k2eVvGtlan","recuShUrIV9xrXGLE",""
"rec4nZPwKClyN8hqF","2025-04-02T16:58:41.000Z","Urban Sky – Series B","2025-02-06","30000000","https://www.urbansky.com/post/urban-sky-raises-30-million-in-series-b-funding-to-unlock-routine-and-easy-global-access-to-the-str","Early Stage Venture","recL1ddqH4s6oeAar","recXpA8N8gEApaMJG","recXyXoDM456Br4HV","recNWT5yfwLYwyZPP","recWIjYHXZlanV3tC","rec5BkE5au0FMCsW6","recVVChEWZM6LNSHh","recw2vOGco4crrPF6","recRr684KH7XtEssA","rechgxSeibnWiyWpL","","","","","","reczBvi7iDjPKPIrz","Series B","↗","https://www.urbansky.com/post/urban-sky-raises-30-million-in-series-b-funding-to-unlock-routine-and-easy-global-access-to-the-str","recVXgbGCCmryjUeM","reczCf603xnzrW5w1","reczCf603xnzrW5w1","recVXgbGCCmryjUeM",""
"rec5hoicQkMQD7u7k","2025-03-20T18:54:49.000Z","Capella Space – Series B","2018-09-26","19000000","https://www.capellaspace.com/press-releases/capella-space-closes-19m-series-b-to-deliver-reliable-earth-observation-data-on-demand","Early Stage Venture","rec0otaBHexlaRAAy","recI2OZMYPxqbI66I","rec6sK4QzGHPD1D1D","recwDvm5ipjwmKdO4","","","","","","","","","","","","recJuiJmQrkbGbm2q","Series B","↗","https://www.capellaspace.com/press-releases/capella-space-closes-19m-series-b-to-deliver-reliable-earth-observation-data-on-demand","recVXgbGCCmryjUeM","recbNSQvv1IdUAXMq","recbNSQvv1IdUAXMq","recVXgbGCCmryjUeM",""
"rec5nLDWhqfNjP0Tz","2025-04-02T16:42:48.000Z","Solideon – Pre-Seed","2024-07-17","5000000","https://www.accessnewswire.com/newsroom/en/industrial-and-manufacturing/solideon-oversubscribes-pre-seed-goals-advances-vision-for-future-manuf-889960","Seed","rec7jZlB9vhFJJUWJ","recEjFuv60xhcXrcy","recRxSf2instXhk68","recNrfEIB2t8cwddW","rec0jBsH2u8rOVN3B","recNAIjWnqf8EG4P1","rechF2rsM7x5iljK9","recmvRyKXx8MTqHyk","recqYXL77rzfLMGoa","recHyelIV9rwoAfVt","recdKfepCdTVWBfVr","recZragUGKyMeyReu","reclXJBNXHQhjJPxw","recs9Xgi0uo70dPdy","","recx080iW9wPAbS9v","Pre-Seed","↗","https://www.accessnewswire.com/newsroom/en/industrial-and-manufacturing/solideon-oversubscribes-pre-seed-goals-advances-vision-for-future-manuf-889960","recLSNFkL4Mx5vIAj","recu1BZw3cCaj0pqj","recu1BZw3cCaj0pqj","recLSNFkL4Mx5vIAj",""
"rec77t7E2X8KT9TUT","2025-03-13T19:40:59.000Z","Fortem Technologies – Undisclosed","2023-02-21","17800000","https://www.prnewswire.com/news-releases/fortem-technologies-closes-17-8m-in-funding-round-to-scale-airspace-safety-and-security-capabilities-301752008.html","Miscellaneous","recfYkDxwoHoj1XHV","rectWE9XQyccOmtwD","recwlTrJCUW8AUIZv","recI2OZMYPxqbI66I","rec1bzZjwmUtSF4Fc","","","","","","","","","","","recnzfeFnkfYWYCwY","Undisclosed","↗","https://www.prnewswire.com/news-releases/fortem-technologies-closes-17-8m-in-funding-round-to-scale-airspace-safety-and-security-capabilities-301752008.html","recpyzqQCE1YWMU9O","recs326vFiukl29xA","recs326vFiukl29xA","recpyzqQCE1YWMU9O",""
"rec7I5Q3m899dIXWv","2025-03-06T22:44:32.000Z","Mach Industries – Seed","2023-06-16","5700000","https://www.reuters.com/technology/sequoia-makes-first-defense-tech-investment-mach-industries-2023-06-15/","Seed","recaQYtCFRyQPukgZ","","","","","","","","","","","","","","","rechMtCVsas5dzXFK","Seed","↗","https://www.reuters.com/technology/sequoia-makes-first-defense-tech-investment-mach-industries-2023-06-15/","reck9rb9NUDRVYQm5","recxDRZMpAit2jx2p","recxDRZMpAit2jx2p","reck9rb9NUDRVYQm5",""
"rec7bHfbmUWksxtpI","2025-03-13T19:41:05.000Z","Fortem Technologies – Strategic","2024-11-13","10000000","https://fortemtech.com/press-releases/2024-11-13-lago-innovation-fund-facilitates-10mm-investment-in-fortem-technologies-to-support-demand-for-drone-defense-solutions/","Miscellaneous","recreYBu5XWYzRwXj","","","","","","","","","","","","","","","recnzfeFnkfYWYCwY","Strategic","↗","https://fortemtech.com/press-releases/2024-11-13-lago-innovation-fund-facilitates-10mm-investment-in-fortem-technologies-to-support-demand-for-drone-defense-solutions/","recpyzqQCE1YWMU9O","recs326vFiukl29xA","recs326vFiukl29xA","recpyzqQCE1YWMU9O",""
"rec88ylUqGHAdpJb2","2025-03-07T22:38:54.000Z","HawkEye 360 – Strategic","2022-01-06","5000000","https://www.he360.com/hawkeye-360-adds-leidos-as-investor-to-bring-series-d-round-to-150-million/","Late Stage Venture","recbtamsfIORUNxBt","","","","","","","","","","","","","","","recdj7iXjiRgvJ2nI","Strategic","↗","https://www.he360.com/hawkeye-360-adds-leidos-as-investor-to-bring-series-d-round-to-150-million/","recVXgbGCCmryjUeM","recbNSQvv1IdUAXMq","recbNSQvv1IdUAXMq","recVXgbGCCmryjUeM",""
"rec8DISUA5aRAsXch","2025-03-18T23:05:42.000Z","Rocket Lab – Series E","2018-11-15","140000000","https://www.rocketlabusa.com/updates/rocket-lab-announces-140-million-in-new-funding/","","recr90tPBNYLRWUR2","rec9k8bbbEZzTqSds","rec28VES0eiWren0e","recg43qSL3iEwNxIn","recBueZ4mm4y0iwV2","recxkbWbIQUW3MfSt","recdvmwPepXJLMh0I","","","","","","","","","recOzrWsldJfiMCr4","Series E","↗","https://www.rocketlabusa.com/updates/rocket-lab-announces-140-million-in-new-funding/","recVXgbGCCmryjUeM","recysV1dDK9D0NT31","recysV1dDK9D0NT31","recVXgbGCCmryjUeM",""
"rec8Dw5L65Wk4FFQL","2025-03-19T20:14:31.000Z","Impulse Space – Series B","2024-10-01","150000000","https://www.impulsespace.com/updates/impulse-space-secures-dollar150m-in-series-b-funding-to-support-ongoing-company-momentum","Early Stage Venture","recGzauRoov9AeqdU","recgwY9lunJDGn48A","recV7h07hGENETEvE","recI2OZMYPxqbI66I","recdtewg4DkNpVFPR","recdlWlhuUCehKFEH","recqZgmp5cnUMGTWL","rechnturEBzk5jlLb","recp1nxVLWk7LfBKN","recROajWA8lFFr0HG","reccWAeZjgUieVIFt","rechSRfDcud0DhEN4","recvFdOT7vcd1W3Uh","recdVQavkBoIL34zG","recd2I4tg1ZvVcB7c","rec1N9LDpw5Qub0QG","Series B","↗","https://www.impulsespace.com/updates/impulse-space-secures-dollar150m-in-series-b-funding-to-support-ongoing-company-momentum","recVXgbGCCmryjUeM","recysV1dDK9D0NT31","recysV1dDK9D0NT31","recVXgbGCCmryjUeM",""
"rec8EBo2AH11oDwlK","2025-03-18T17:15:01.000Z","Vatn Systems – Seed","2024-11-12","13000000","https://www.prnewswire.com/news-releases/vatn-systems-raises-13-million-seed-round-to-advance-autonomous-underwater-vehicles-for-us-defense-302301937.html","Seed","recP3IpcR5OU2pIlf","recfYkDxwoHoj1XHV","rechnturEBzk5jlLb","recphSq4u0qUDbrUr","recy18iHv3BGchniu","recD4EWRX5iXDy74X","recqgTCGaKR9qtd56","recfpWURGfN4ebWa7","recHKlHKegNUvIngp","reckCWm8LEtn694nW","rec20KmRXwrBvrc4K","recEAZBo7dgIO1Y6K","","","","recz5eJZELolYcFor","Seed","↗","https://www.prnewswire.com/news-releases/vatn-systems-raises-13-million-seed-round-to-advance-autonomous-underwater-vehicles-for-us-defense-302301937.html","reck9rb9NUDRVYQm5","recApW4w70x92IwWB","recApW4w70x92IwWB","reck9rb9NUDRVYQm5",""
"rec8JjqAgi0SOdgjX","2025-03-18T00:39:51.000Z","Shift5 – Series B","2023-06-07","83000000","https://www.axios.com/2023/06/07/defense-contractor-shift5-closes-83m-series-b-round","Early Stage Venture","rec8ZrgQcLvBJ25jb","reck2NDgtWAd3qMFw","","","","","","","","","","","","","","recuYCdtJqWuQr9Sj","Series B","↗","https://www.axios.com/2023/06/07/defense-contractor-shift5-closes-83m-series-b-round","recuShUrIV9xrXGLE","recVn88k2eVvGtlan","recVn88k2eVvGtlan","recuShUrIV9xrXGLE",""
"rec9mZx6oLqV6ITWH","2025-03-05T19:00:17.000Z","Epirus – Series D","2025-03-05","250000000","https://www.epirusinc.com/press-releases/epirus-closes-250m-series-d-to-hyperscale-leonidas-production-capability-for-critical-asset-protection","Late Stage Venture","reccTnWWnqOapE9LG","recn01BqGblrr0oDA","recMqsx5hcBORcUgW","rec06dhnK5vnO79xO","rec8A02TKny480G09","recMdqHMacaNuvo04","recmJC5GLoULvo25B","recmLIfw7I47BdQrb","recf3w0VPF1pzDoU6","recs9Xgi0uo70dPdy","","","","","","recWKiHC4wMW3K8fG","Series D","↗","https://www.epirusinc.com/press-releases/epirus-closes-250m-series-d-to-hyperscale-leonidas-production-capability-for-critical-asset-protection","recnikZjj0rLnQKC5","recoPDBS8ouMSMfWY","recoPDBS8ouMSMfWY","recnikZjj0rLnQKC5",""
"rec9xT7uGFzKwWwww","2025-03-05T23:03:12.000Z","Helsing – Series C","2024-07-10","487000000","https://helsing.ai/newsroom/helsing-further-strengthens-european-defence-capabilities-with-funding-round","Late Stage Venture","recj33oP2ndWNbQyD","recexqLSn9yjhPdyP","receRUE1OeDjrszvo","recHKkxAsCY8qDfT5","reckzI5lsxnGTU2Fy","recfvq86Bb1AmBUDz","receYpA9tK2dqF3Iv","","","","","","","","","rechOi7KYOUmGrlxO","Series C","↗","https://helsing.ai/newsroom/helsing-further-strengthens-european-defence-capabilities-with-funding-round","recuShUrIV9xrXGLE","recEot4SDR5eKe31b","recEot4SDR5eKe31b","recuShUrIV9xrXGLE",""
"recAFEwgkK00ip04h","2025-03-17T22:00:01.000Z","Esper Satellite Imagery – Seed","2025-03-04","3100000","https://payloadspace.com/esper-satellites-raises-3-1m-seed-round/","Seed","recvqSgxTmvYtlZhO","recuWQy5j0kRY2CM7","","","","","","","","","","","","","","recDGV4FyDzq6Awh7","Seed","↗","https://payloadspace.com/esper-satellites-raises-3-1m-seed-round/","recVXgbGCCmryjUeM","recbNSQvv1IdUAXMq","recbNSQvv1IdUAXMq","recVXgbGCCmryjUeM",""
"recAJhD8jGhrZowEq","2025-03-18T00:39:42.000Z","Gecko Robotics – Series C","2023-12-05","173000000","https://www.geckorobotics.com/news/gecko-robotics-raises-usd100-million-to-extend-its-series-c-funding-enabling","Late Stage Venture","reckWQTR7sV9Vx1pT","recGzauRoov9AeqdU","recOt0vyMZHtkOvss","recmSQaLZOOSx5ueh","recNgUXoULoaH7lOa","recSu8tylV07Bk2DC","recIsj6l9C7LLVD0H","recH3k2G6pXulx6x4","recs59UPyOgoCwFon","","","","","","","recFW58gHq4EqB5GX","Series C","↗","https://www.geckorobotics.com/news/gecko-robotics-raises-usd100-million-to-extend-its-series-c-funding-enabling","recLSNFkL4Mx5vIAj","recLUAIJ8W4jUAoHX","recLUAIJ8W4jUAoHX","recLSNFkL4Mx5vIAj",""
"recAc10wn8LrMTEoT","2025-03-01T18:02:10.000Z","Saronic – Series C","2025-02-18","600000000","https://www.prnewswire.com/news-releases/saronic-raises-600m-series-c-to-take-on-autonomous-shipbuilding-302379441.html","Late Stage Venture","recexqLSn9yjhPdyP","recj33oP2ndWNbQyD","recZmfr98DI6XMvbN","reccTnWWnqOapE9LG","recDtmxZfkMJF2pWx","","","","","","","","","","","rec0Yyo4zatqEJdTj","Series C","↗","https://www.prnewswire.com/news-releases/saronic-raises-600m-series-c-to-take-on-autonomous-shipbuilding-302379441.html","reck9rb9NUDRVYQm5","recApW4w70x92IwWB","recApW4w70x92IwWB","reck9rb9NUDRVYQm5",""
"recBGn6B1Ynxzyztu","2025-03-06T18:59:12.000Z","Skydio – Series D","2021-03-01","170000000","https://www.skydio.com/blog/autonomous-drone-skydio-announces-170-million-series-d-funding","Late Stage Venture","recZmfr98DI6XMvbN","rec3dt1YLWkru7bpC","recYbvznQbI32BNf2","rec8dqiHHKWUDQLuZ","recufAdQNocBA8mgP","","","","","","","","","","","recN7l5hjhx4FJObv","Series D","↗","https://www.skydio.com/blog/autonomous-drone-skydio-announces-170-million-series-d-funding","reck9rb9NUDRVYQm5","recxDRZMpAit2jx2p","recxDRZMpAit2jx2p","reck9rb9NUDRVYQm5",""
"recBJf7lHcYle3Zz8","2025-03-05T01:26:48.000Z","Second Front Systems – Seed","2021-01-27","8100000","https://www.secondfront.com/resources/news/seed-round-2021/","Seed","reccTnWWnqOapE9LG","recnATolEFSwLNKaF","rec0nSyrLsUUKYccE","rechmqBHCC5FNalTY","recCs9KlVHrqW8eKO","rec3baywzI7MGPZWV","","","","","","","","","","rec02fPErV66Stuoo","Seed","↗","https://www.secondfront.com/resources/news/seed-round-2021/","recuShUrIV9xrXGLE","reciu5ST3fEX65k4T","reciu5ST3fEX65k4T","recuShUrIV9xrXGLE",""
"recBewZRZJmixePAl","2025-03-19T18:37:17.000Z","EpiSci – Pre-Seed","2023-04-20","0","https://www.episci.com/newsroom/z70zktrf3b7d8g38o3cwosorx12fq1","Seed","recEAZBo7dgIO1Y6K","recfYkDxwoHoj1XHV","rechnturEBzk5jlLb","recJPsjJu9Ah1BvDm","","","","","","","","","","","","recRe3rJHVoOxhSzJ","Pre-Seed","↗","https://www.episci.com/newsroom/z70zktrf3b7d8g38o3cwosorx12fq1","recuShUrIV9xrXGLE","recEot4SDR5eKe31b","recEot4SDR5eKe31b","recuShUrIV9xrXGLE",""
"recBj3X2wxuMTJyUS","2025-03-05T19:14:19.000Z","Epirus – Series C","2022-02-15","200000000","https://www.epirusinc.com/press-releases/epirus-raises-200-million-in-series-c-funding","Late Stage Venture","rec89pSlL1pWTtxGq","reccTnWWnqOapE9LG","recel410N5zZUNRd6","recpsx3oZvnKdM0i4","reciEvGQMn3Dxuf3Y","recmLIfw7I47BdQrb","recs9Xgi0uo70dPdy","recBSD5pic3V5g5zb","rec8ZrgQcLvBJ25jb","rec20MKOJ5QdlLOho","recduNnRNu9VOM2eZ","recEr6TYg49zSDbZr","recf3w0VPF1pzDoU6","","","recWKiHC4wMW3K8fG","Series C","↗","https://www.epirusinc.com/press-releases/epirus-raises-200-million-in-series-c-funding","recnikZjj0rLnQKC5","recoPDBS8ouMSMfWY","recoPDBS8ouMSMfWY","recnikZjj0rLnQKC5",""
"recCASJHETzZ7NLqY","2025-03-12T22:57:03.000Z","Cambium – Series A","2023-12-05","19000000","https://www.cambium-usa.com/wp-content/uploads/2023/12/Cambium-Series-A-announcement.pdf","Early Stage Venture","recTPeBPKlKRT1GK4","reccTnWWnqOapE9LG","rec2Qoy7fLg9PtfXx","rec3PacCK4mmBWZSU","recjpraTX29NJpOuR","recs9Xgi0uo70dPdy","rec4jid1Kxhou4WIn","recOcpxImpEqhtGDt","reccnGdkfOJ02CaH5","","","","","","","recIjimNiFWpxDGIC","Series A","↗","https://www.cambium-usa.com/wp-content/uploads/2023/12/Cambium-Series-A-announcement.pdf","recLSNFkL4Mx5vIAj","rec9RNyhjZR1TzWus","rec9RNyhjZR1TzWus","recLSNFkL4Mx5vIAj",""
"recCmxo4KawGIWoQi","2025-03-19T19:07:38.000Z","Galvanick – Seed","2023-06-01","10000000","https://www.businesswire.com/news/home/20230601005184/en/Galvanick-Announces-%2410-Million-in-Seed-Funding-for-Its-Industrial-Cybersecurity-Platform","Seed","recKJ3XQIVnOQFN3m","recGzauRoov9AeqdU","recyCyEro3BVcLewQ","recrpChe5qJAycWwA","reccgfGgB9aSuKsdo","recOhYY6sIMdcaQuf","rec7jZlB9vhFJJUWJ","recYfjBBxGdSwCQfL","","","","","","","","recVgajtFRkWxn0GE","Seed","↗","https://www.businesswire.com/news/home/20230601005184/en/Galvanick-Announces-%2410-Million-in-Seed-Funding-for-Its-Industrial-Cybersecurity-Platform","recuShUrIV9xrXGLE","recVn88k2eVvGtlan","recVn88k2eVvGtlan","recuShUrIV9xrXGLE",""
"recCwJRzwWqraehWo","2025-03-06T18:59:12.000Z","Skydio – Series C","2020-07-13","100000000","https://www.skydio.com/blog/skydio-raises-100-million","Late Stage Venture","rec8dqiHHKWUDQLuZ","recYg13w0RCQYe3mh","recAwgXvCZo2GUPXu","recZmfr98DI6XMvbN","recYbvznQbI32BNf2","recV4pkB7zclJZr5i","","","","","","","","","","recN7l5hjhx4FJObv","Series C","↗","https://www.skydio.com/blog/skydio-raises-100-million","reck9rb9NUDRVYQm5","recxDRZMpAit2jx2p","recxDRZMpAit2jx2p","reck9rb9NUDRVYQm5",""
"recDBvePS4EgAicMc","2025-03-08T00:00:22.000Z","Nominal – Seed","2024-04-22","7500000","https://www.businesswire.com/news/home/20240418799842/en/Nominal-Emerges-From-Stealth-With-Backing-From-General-Catalyst-Lux-Capital-Founders-Fund-for-Navigating-Mission-Critical-Data-Analytics","Seed","recgwY9lunJDGn48A","recGzauRoov9AeqdU","","","","","","","","","","","","","","recNsT1WWhgwC0uxV","Seed","↗","https://www.businesswire.com/news/home/20240418799842/en/Nominal-Emerges-From-Stealth-With-Backing-From-General-Catalyst-Lux-Capital-Founders-Fund-for-Navigating-Mission-Critical-Data-Analytics","recuShUrIV9xrXGLE","reciu5ST3fEX65k4T","reciu5ST3fEX65k4T","recuShUrIV9xrXGLE",""
"recEQYRuRu1XJoINQ","2025-03-05T23:08:49.000Z","Dream Security – Series A","2023-11-07","33600000","https://www.wsj.com/articles/ex-ceo-of-nso-group-raises-33-6-million-for-israeli-cyber-startup-ae8e7399","Early Stage Venture","rec9PXhVeR3VrJObp","rec0cIqfn0NOe9Mrw","","","","","","","","","","","","","","rectiA0gQsACXRp0u","Series A","↗","https://www.wsj.com/articles/ex-ceo-of-nso-group-raises-33-6-million-for-israeli-cyber-startup-ae8e7399","recuShUrIV9xrXGLE","recVn88k2eVvGtlan","recVn88k2eVvGtlan","recuShUrIV9xrXGLE",""
"recEhPkVJrooVSpVK","2025-03-14T19:11:05.000Z","Divergent Technologies – Series D","2023-11-13","230000000","https://www.prnewswire.com/news-releases/divergent-technologies-inc-announces-closing-of-upsized-230-million-series-d-capital-raise-301985962.html","Late Stage Venture","recKRQ67If27vww79","","","","","","","","","","","","","","","rectYZq8whVton27d","Series D","↗","https://www.prnewswire.com/news-releases/divergent-technologies-inc-announces-closing-of-upsized-230-million-series-d-capital-raise-301985962.html","recLSNFkL4Mx5vIAj","recu1BZw3cCaj0pqj","recu1BZw3cCaj0pqj","recLSNFkL4Mx5vIAj",""
"recEkbpYPN38NMf6e","2025-03-07T19:22:09.000Z","Saronic – Series A","2023-10-10","55000000","https://www.prnewswire.com/news-releases/naval-maritime-autonomy-company-raises-55-million-in-series-a-fundraise-301951085.html","Early Stage Venture","recDtmxZfkMJF2pWx","reccTnWWnqOapE9LG","reckWQTR7sV9Vx1pT","recZmfr98DI6XMvbN","reckzI5lsxnGTU2Fy","recYvSoNgbossvLlR","recYfjBBxGdSwCQfL","recdVQavkBoIL34zG","recO65UiSIhLC1mRn","recqgTCGaKR9qtd56","","","","","","rec0Yyo4zatqEJdTj","Series A","↗","https://www.prnewswire.com/news-releases/naval-maritime-autonomy-company-raises-55-million-in-series-a-fundraise-301951085.html","reck9rb9NUDRVYQm5","recApW4w70x92IwWB","recApW4w70x92IwWB","reck9rb9NUDRVYQm5",""
"recF9jlvQ9erEThSJ","2025-03-06T23:06:37.000Z","Elroy Air – Undisclosed","","0","https://www.cooley.com/news/coverage/2024/2024-02-08-elroy-air-announces-nearly-50-million-in-new-funding","","rec7qx2QUkJnLsgOI","","","","","","","","","","","","","","","recJdhWCQrFlhi92V","Undisclosed","↗","https://www.cooley.com/news/coverage/2024/2024-02-08-elroy-air-announces-nearly-50-million-in-new-funding","","","","",""
"recFS2bRhGb1trDfn","2025-03-27T19:18:35.000Z","Allen Control Systems – Series A","2025-03-27","30000000","https://www.businesswire.com/news/home/20250326066567/en/Allen-Control-Systems-Raises-%2430-Million-Series-A-to-Accelerate-Deployment-of-Autonomous-Weapon-Systems-and-Counter-Rapidly-Proliferating-Drone-Threat","Early Stage Venture","recc3q2QdPWk8v4kE","recxgAID20aFnZCRb","reczok2kgP9PPiRpV","","","","","","","","","","","","","reccrYDJ9uuhYlhIc","Series A","↗","https://www.businesswire.com/news/home/20250326066567/en/Allen-Control-Systems-Raises-%2430-Million-Series-A-to-Accelerate-Deployment-of-Autonomous-Weapon-Systems-and-Counter-Rapidly-Proliferating-Drone-Threat","recnikZjj0rLnQKC5","recG3Dipb0iJYDkDY","recG3Dipb0iJYDkDY","recnikZjj0rLnQKC5",""
"recFZsJK99c86r5Fe","2025-03-13T21:56:08.000Z","Reveal – Series A","2024-12-11","11200000","https://techcrunch.com/2024/12/11/reveal-technology-raises-11m-to-scale-decision-dominance-tools-for-dod/","Early Stage Venture","recarerBvecCESA60","reco5sHDdrjlgkDpA","reccTnWWnqOapE9LG","","","","","","","","","","","","","receMptpaVANM8svL","Series A","↗","https://techcrunch.com/2024/12/11/reveal-technology-raises-11m-to-scale-decision-dominance-tools-for-dod/","recuShUrIV9xrXGLE","recEot4SDR5eKe31b","recEot4SDR5eKe31b","recuShUrIV9xrXGLE",""
"recFcno13Ffr5mzNr","2025-04-04T18:31:56.000Z","Portal Space Systems – Seed","2025-04-01","17500000","https://www.portalsystems.space/portal-space-systems-raises-17-5m-in-oversubscribed-seed-round-to-build-multi-role-trans-orbital-spacecraft-powered-by-solar-thermal-propulsion","Seed","recTxOSbCrAMNf3gE","recMbOqA5doIruWpG","recNZ5g9arTUsp7FL","recy24esp6hquliDm","recOdOkbTVDWSVPFn","recFKjBWSQN9JiG73","recyvTS9Zz83GD4dD","","","","","","","","","recf27TX6ShjG9p9P","Seed","↗","https://www.portalsystems.space/portal-space-systems-raises-17-5m-in-oversubscribed-seed-round-to-build-multi-role-trans-orbital-spacecraft-powered-by-solar-thermal-propulsion","recVXgbGCCmryjUeM","reczCf603xnzrW5w1","reczCf603xnzrW5w1","recVXgbGCCmryjUeM",""
"recFdka70Kh4rX9tA","2025-03-13T19:20:48.000Z","Dirac – Undisclosed","2023-10-01","0","","Seed","recYfjBBxGdSwCQfL","recT1QUo7MVrE4zb4","recnNznuqXRZNX8gC","","","","","","","","","","","","","recbSfY4BuqBLcJLs","Undisclosed","↗","","recLSNFkL4Mx5vIAj","recu1BZw3cCaj0pqj","recu1BZw3cCaj0pqj","recLSNFkL4Mx5vIAj",""
"recFhgFNgq8xZv4WF","2025-03-11T00:38:27.000Z","Starfish Space – Strategic","2024-11-13","29000000","https://techcrunch.com/2024/11/13/starfish-space-raises-29m-to-launch-satellite-servicing-spacecraft/","Early Stage Venture","rec7qx2QUkJnLsgOI","recYvSoNgbossvLlR","reck2NDgtWAd3qMFw","recOshpc4PZ7udMm1","recd2I4tg1ZvVcB7c","recLaqsZre72qvPF3","recE2CYbdQHIdQMUL","recqUk3SiEb53nBF2","recgJsZ12uiAHLt5D","recM8zmUizznVwlVP","","","","","","reck2DzTSz4zvYMIj","Strategic","↗","https://techcrunch.com/2024/11/13/starfish-space-raises-29m-to-launch-satellite-servicing-spacecraft/","recVXgbGCCmryjUeM","reczCf603xnzrW5w1","reczCf603xnzrW5w1","recVXgbGCCmryjUeM",""
"recG788rlElEfv0W1","2025-03-14T19:11:55.000Z","Divergent Technologies – Series A","2017-01-25","23000000","https://www.businesswire.com/news/home/20170125005154/en/Divergent-3D-Closes-23M-Series-A-Funding-Round-Led-by-Horizons-Ventures","Early Stage Venture","rec6OeXua8wxAxwE2","receFUl8VQ0CttC0T","","","","","","","","","","","","","","rectYZq8whVton27d","Series A","↗","https://www.businesswire.com/news/home/20170125005154/en/Divergent-3D-Closes-23M-Series-A-Funding-Round-Led-by-Horizons-Ventures","recLSNFkL4Mx5vIAj","recu1BZw3cCaj0pqj","recu1BZw3cCaj0pqj","recLSNFkL4Mx5vIAj",""
"recGH9NqxcnhaUuqO","2025-03-05T21:25:29.000Z","Castelion – Series A","2025-01-29","70000000","https://www.businesswire.com/news/home/20250129937934/en/Castelion-Announces-100M-Financing","Early Stage Venture","reckzI5lsxnGTU2Fy","recWIjYHXZlanV3tC","recaQjNkLwptWDDV0","recy24esp6hquliDm","rechUyakvRdB6TuH0","recVAjT8uZvgVnIZX","recZmfr98DI6XMvbN","","","","","","","","","recAlyaRqTZXSXqXE","Series A","↗","https://www.businesswire.com/news/home/20250129937934/en/Castelion-Announces-100M-Financing","recnikZjj0rLnQKC5","recPEDmAtpBYSRyfG","recPEDmAtpBYSRyfG","recnikZjj0rLnQKC5",""
"recGR4zAOSRBuKBRR","2025-03-13T20:57:04.000Z","Reality Defender – Extension","2024-10-22","33000000","https://www.prnewswire.com/news-releases/reality-defender-expands-series-a-to-33-million-to-enhance-ai-detection-capabilities-302283098.html","Early Stage Venture","reciUJJXYxSG9Asid","reck2NDgtWAd3qMFw","reckPBaC7hNEb3BX5","rec7zfWfEjGhRyWbP","recj2NPDIovZtl4bh","recI2OZMYPxqbI66I","recQdCLeypE3fHJP0","recqP5gwq4v4SnrAy","","","","","","","","rece125ifwwZwqjkY","Extension","↗","https://www.prnewswire.com/news-releases/reality-defender-expands-series-a-to-33-million-to-enhance-ai-detection-capabilities-302283098.html","recuShUrIV9xrXGLE","recVn88k2eVvGtlan","recVn88k2eVvGtlan","recuShUrIV9xrXGLE",""
"recHESHjIpntSIzPz","2025-03-05T20:10:42.000Z","Destinus – Seed","2022-02-09","29000000","https://www.destinus.com/post/destinus-closes-usd29m-seed-round","Seed","recN2nRLHVeApULj0","recviT1uGEizt9lgz","recaREPRFBfRe9lym","recjWw7CqJaOr3CYY","rec9En4brORQhh6Ry","recnFIy0OesbrKQQL","","","","","","","","","","rec8vLONaVfbVm2m0","Seed","↗","https://www.destinus.com/post/destinus-closes-usd29m-seed-round","reck9rb9NUDRVYQm5","recxDRZMpAit2jx2p","recxDRZMpAit2jx2p","reck9rb9NUDRVYQm5",""
"recHJhY6SwBBcW6vb","2025-03-07T22:43:59.000Z","HawkEye 360 – Series C","2021-04-12","55000000","https://www.he360.com/hawkeye-360-secures-55-million-series-c-funding-round/","Late Stage Venture","recZyaUPRYlR0XBGa","rec7qx2QUkJnLsgOI","recKEPp9jBAqooEny","recfXeqPN4Rsv2Cf7","recMvHMonnoI7Tr7q","recOhytkPlzXD5c6g","","","","","","","","","","recdj7iXjiRgvJ2nI","Series C","↗","https://www.he360.com/hawkeye-360-secures-55-million-series-c-funding-round/","recVXgbGCCmryjUeM","recbNSQvv1IdUAXMq","recbNSQvv1IdUAXMq","recVXgbGCCmryjUeM",""
"recHuuAAcjQa4r4ZH","2025-03-06T18:58:59.000Z","Overland – Seed","2024-05-20","10000000","https://www.overland.ai/news/overland-ai-secures-10m-in-seed-funding-to-accelerate-development-of-autonomous-vehicle-software-for-high-risk-missions","Seed","recYvSoNgbossvLlR","rec7Vq91fgDJRqmSK","recvj3fdztneMlvfb","recZXkjZqmFM0EUmJ","rec8JpvloWF1Rccie","recqgTCGaKR9qtd56","","","","","","","","","","recCwahztU5LUdMaR","Seed","↗","https://www.overland.ai/news/overland-ai-secures-10m-in-seed-funding-to-accelerate-development-of-autonomous-vehicle-software-for-high-risk-missions","reck9rb9NUDRVYQm5","recftYsPa5uu4lfHY","recftYsPa5uu4lfHY","reck9rb9NUDRVYQm5",""
"recIjlNFzPZ8ONg03","2025-03-05T21:05:00.000Z","Shield AI – Series A","2017-04-03","10500000","https://web.archive.org/web/20170508031635/https://www.prnewswire.com/news-releases/shield-ai-raises-105-million-in-series-a-funding-led-by-andreesen-horowitz-300433742.html","Early Stage Venture","recZmfr98DI6XMvbN","","","","","","","","","","","","","","","rec4ILegIK6gJFR6O","Series A","↗","https://web.archive.org/web/20170508031635/https://www.prnewswire.com/news-releases/shield-ai-raises-105-million-in-series-a-funding-led-by-andreesen-horowitz-300433742.html","recuShUrIV9xrXGLE","recEot4SDR5eKe31b","recEot4SDR5eKe31b","recuShUrIV9xrXGLE",""
"recImyH56zRZtuIPL","2025-03-13T17:45:54.000Z","K2 Space – Seed","2023-03-10","8500000","https://www.cnbc.com/2023/03/10/k2-space-startup-building-massive-spacecraft.html","Seed","recgf9yONRO0vP9n6","recBQr05OcfLvE8tl","recrpChe5qJAycWwA","recNrfEIB2t8cwddW","recDCyF0YGxtAAOej","recOHqUrDQV1yk7in","recKkAydE8RjBzMtJ","recGG3DELikjVuPuq","recNAIjWnqf8EG4P1","","","","","","","recn8335qeKsipGcl","Seed","↗","https://www.cnbc.com/2023/03/10/k2-space-startup-building-massive-spacecraft.html","recVXgbGCCmryjUeM","reczCf603xnzrW5w1","reczCf603xnzrW5w1","recVXgbGCCmryjUeM",""
"recJVUCtzqfp5Y80O","2025-03-05T18:20:18.000Z","Second Front Systems – Series B","2023-11-28","40000000","https://www.secondfront.com/resources/news/second-front-series-b/","Early Stage Venture","recqREElYbfQ6wN7w","rec8ZrgQcLvBJ25jb","recvswzGBEOOvaW0K","","","","","","","","","","","","","rec02fPErV66Stuoo","Series B","↗","https://www.secondfront.com/resources/news/second-front-series-b/","recuShUrIV9xrXGLE","reciu5ST3fEX65k4T","reciu5ST3fEX65k4T","recuShUrIV9xrXGLE",""
"recJW37WJQ58G6l3P","2025-03-07T21:43:04.000Z","Aeon – Undisclosed","2024-11-07","0","https://www.linkedin.com/posts/michaelxbloch_how-small-smart-cheap-and-many-is-the-activity-7260414288605900802-4AEQ?utm_source=share&utm_medium=member_desktop&rcm=ACoAADxEwvABwn9C6xZ6wc5PM4dJKF5Uy1pj-SA","Seed","recYfjBBxGdSwCQfL","recviT1uGEizt9lgz","recKJ3XQIVnOQFN3m","recNBsGFtuUw3K9fX","","","","","","","","","","","","recqMUaeeNLfTTmM5","Undisclosed","↗","https://www.linkedin.com/posts/michaelxbloch_how-small-smart-cheap-and-many-is-the-activity-7260414288605900802-4AEQ?utm_source=share&utm_medium=member_desktop&rcm=ACoAADxEwvABwn9C6xZ6wc5PM4dJKF5Uy1pj-SA","recnikZjj0rLnQKC5","recPEDmAtpBYSRyfG","recPEDmAtpBYSRyfG","recnikZjj0rLnQKC5",""
"recJu2RU4dPEfush7","2025-03-17T18:06:15.000Z","Firefly – Series C","2023-11-10","300000000","https://fireflyspace.com/news/firefly-aerospace-closes-third-tranche-of-series-c-round-reaching-approximately-300-million-of-financing-to-date/","Late Stage Venture","recvswzGBEOOvaW0K","recZdCT4xu14eKIjL","","","","","","","","","","","","","","recrPuPcemcmCbl8E","Series C","↗","https://fireflyspace.com/news/firefly-aerospace-closes-third-tranche-of-series-c-round-reaching-approximately-300-million-of-financing-to-date/","recVXgbGCCmryjUeM","recysV1dDK9D0NT31","recysV1dDK9D0NT31","recVXgbGCCmryjUeM",""
"recKDTpcOUqX0OQAQ","2025-04-02T17:22:12.000Z","REGENT – Series A","2023-10-05","60000000","https://www.regentcraft.com/news/regent-raises-60m-series-a-to-define-new-era-of-sustainable-transportation","Early Stage Venture","rec7jZlB9vhFJJUWJ","recGzauRoov9AeqdU","recbYOexV4qrmnkDm","recfYkDxwoHoj1XHV","recbpvHmME3GdXWLx","recYvSoNgbossvLlR","recDtmxZfkMJF2pWx","recH3k2G6pXulx6x4","recv43gwdZvsIscop","rec2zL46V0y4mgAjp","","","","","","recstc0yBh8guRP7o","Series A","↗","https://www.regentcraft.com/news/regent-raises-60m-series-a-to-define-new-era-of-sustainable-transportation","reck9rb9NUDRVYQm5","recApW4w70x92IwWB","recApW4w70x92IwWB","reck9rb9NUDRVYQm5",""
"recKR4bPBsxr80qNy","2025-03-21T16:53:13.000Z","TurbineOne – Series A","2024-03-27","15000000","https://www.businesswire.com/news/home/20240327066760/en/TurbineOne-Raises-%2415M-in-Series-A-Funding-Round","Early Stage Venture","recg43qSL3iEwNxIn","recAxVoxCVvfFGbJx","recmSQaLZOOSx5ueh","rec3baywzI7MGPZWV","","","","","","","","","","","","rec5cYIhEy6uH8yVa","Series A","↗","https://www.businesswire.com/news/home/20240327066760/en/TurbineOne-Raises-%2415M-in-Series-A-Funding-Round","recuShUrIV9xrXGLE","recEot4SDR5eKe31b","recEot4SDR5eKe31b","recuShUrIV9xrXGLE",""
"recKR7ZPLOdHBt7k7","2025-03-07T19:22:15.000Z","Saronic – Series B","2024-07-19","175000000","https://www.prnewswire.com/news-releases/saronic-raises-175-million-in-series-b-funding-valuing-company-at-1-billion-302201280.html","Early Stage Venture","recZmfr98DI6XMvbN","recDtmxZfkMJF2pWx","reccTnWWnqOapE9LG","recexqLSn9yjhPdyP","rec06dhnK5vnO79xO","","","","","","","","","","","rec0Yyo4zatqEJdTj","Series B","↗","https://www.prnewswire.com/news-releases/saronic-raises-175-million-in-series-b-funding-valuing-company-at-1-billion-302201280.html","reck9rb9NUDRVYQm5","recApW4w70x92IwWB","recApW4w70x92IwWB","reck9rb9NUDRVYQm5",""
"recKpxBo8pH53kgmM","2025-03-19T22:10:41.000Z","Orbit Fab – Undisclosed","2021-09-07","10000000","https://www.orbitfab.com/news/lm-ng-investment/","Miscellaneous","recfYkDxwoHoj1XHV","recR9kx8NtdZ6TzpE","recGFMWrE5O9ubKON","rechkwzo54rBwFvAi","recfPfC5bKaCLkCYk","recRVxRQhhrPS9d5W","","","","","","","","","","rec0kh559jOozBJZQ","Undisclosed","↗","https://www.orbitfab.com/news/lm-ng-investment/","recVXgbGCCmryjUeM","reczCf603xnzrW5w1","reczCf603xnzrW5w1","recVXgbGCCmryjUeM",""
"recKv2NbbclJye6Eh","2025-03-13T17:40:18.000Z","K2 Space – Series A","2024-02-13","50000000","https://www.cnbc.com/2024/02/13/startup-k2-space-raises-50-million.html","Early Stage Venture","recuTPxuINugi3JYz","recLsG7f7qqC8KxuU","","","","","","","","","","","","","","recn8335qeKsipGcl","Series A","↗","https://www.cnbc.com/2024/02/13/startup-k2-space-raises-50-million.html","recVXgbGCCmryjUeM","reczCf603xnzrW5w1","reczCf603xnzrW5w1","recVXgbGCCmryjUeM",""
"recLGPDfDm3bv4QLH","2025-03-05T22:16:54.000Z","Hidden Level – Series B","2024-08-01","35000000","https://www.hiddenlevel.com/thought-leadership/hidden-level-secures-100m-to-advance-national-security","Early Stage Venture","recf4JRVCIwpllqBS","reck2NDgtWAd3qMFw","recn01BqGblrr0oDA","recTPeBPKlKRT1GK4","recdEhmfBvZ2GPtaQ","","","","","","","","","","","reczhCxapYJ2v6JRj","Series B","↗","https://www.hiddenlevel.com/thought-leadership/hidden-level-secures-100m-to-advance-national-security","recpyzqQCE1YWMU9O","rec4xxrjaPbNq6f1u","rec4xxrjaPbNq6f1u","recpyzqQCE1YWMU9O",""
"recLfA0HwXhmMSIeV","2025-03-07T16:32:06.000Z","Anduril Industries – Series A","2018-05-01","41000000","https://www.wired.com/story/palmer-luckey-anduril-border-wall/","Early Stage Venture","recGzauRoov9AeqdU","","","","","","","","","","","","","","","rec6jsbKlE5JTwPMx","Series A","↗","https://www.wired.com/story/palmer-luckey-anduril-border-wall/","recuShUrIV9xrXGLE","","","recuShUrIV9xrXGLE",""
"recLn5CDcvGj2vqzr","2025-03-13T18:24:14.000Z","Primer – Series B","2018-11-15","40000000","https://primer.ai/news/primer-adds-usd40m-to-expand-team-language-capabilities-and-enter-new/","Early Stage Venture","recgwY9lunJDGn48A","recN3H0C2DC00j14k","recNlntZkuNU6hPwb","recI2OZMYPxqbI66I","rec6CUA1rqXgx3csz","recdNfAkqioHgzsAw","recY4aJVWIemRL8bL","recK2XmCY7bNkxYBp","recu0eQfcH16sCOvr","recphSq4u0qUDbrUr","","","","","","recJoWJaOmNx9FQTo","Series B","↗","https://primer.ai/news/primer-adds-usd40m-to-expand-team-language-capabilities-and-enter-new/","recuShUrIV9xrXGLE","recEot4SDR5eKe31b","recEot4SDR5eKe31b","recuShUrIV9xrXGLE",""
"recLybn0y241dhzXm","2025-03-06T22:13:24.000Z","Armada – Series A","2023-12-11","55000000","https://www.businesswire.com/news/home/20231211233103/en/Armada-Raises-More-Than-55M-to-Bridge-the-Digital-Divide","Early Stage Venture","recGzauRoov9AeqdU","rec7qx2QUkJnLsgOI","recgwY9lunJDGn48A","rec7jZlB9vhFJJUWJ","recsQTeJVSmgCOETD","rec3RWXXCtrGJSxeJ","recdEhmfBvZ2GPtaQ","rec3PacCK4mmBWZSU","recROajWA8lFFr0HG","recy6OZacMulIaWgP","reccTnWWnqOapE9LG","","","","","rec2tpRiVBnmhHHwp","Series A","↗","https://www.businesswire.com/news/home/20231211233103/en/Armada-Raises-More-Than-55M-to-Bridge-the-Digital-Divide","recuShUrIV9xrXGLE","recEot4SDR5eKe31b","recEot4SDR5eKe31b","recuShUrIV9xrXGLE",""
"recMJxwsV9zeUOZeM","2025-03-19T00:34:29.000Z","Applied Intuition – Series E","2024-03-12","250000000","https://www.prnewswire.com/news-releases/applied-intuition-inc-grows-to-6-billion-valuation-securing-250-million-in-series-e-funding-to-advance-vehicle-software-and-ai-capabilities-302086239.html","Late Stage Venture","recANQe5evRSBMFDS","recexqLSn9yjhPdyP","recBEJPZbYRnr3Hpi","recZmfr98DI6XMvbN","recj33oP2ndWNbQyD","recQP23wsw0RsbThn","rectDUogyMQFeV93u","recbx6snvJPyCB867","rec6mMcouybE5PQzb","rechJzqVwlmxTScze","recH0ZbdcyXqh2glC","rec8JiIURiEWCRUZn","","","","recUYFBRH0jKtbVbs","Series E","↗","https://www.prnewswire.com/news-releases/applied-intuition-inc-grows-to-6-billion-valuation-securing-250-million-in-series-e-funding-to-advance-vehicle-software-and-ai-capabilities-302086239.html","recuShUrIV9xrXGLE","reciu5ST3fEX65k4T","reciu5ST3fEX65k4T","recuShUrIV9xrXGLE",""
"recMQEMkCieO0pBXI","2025-03-18T23:05:59.000Z","Rocket Lab – Series B","2015-03-31","0","https://www.rocketlabusa.com/updates/rocket-lab-developer-of-the-electron-orbital-vehicle-closes-series-b-round-2/","Early Stage Venture","recg43qSL3iEwNxIn","rec28VES0eiWren0e","recxkbWbIQUW3MfSt","recfYkDxwoHoj1XHV","","","","","","","","","","","","recOzrWsldJfiMCr4","Series B","↗","https://www.rocketlabusa.com/updates/rocket-lab-developer-of-the-electron-orbital-vehicle-closes-series-b-round-2/","recVXgbGCCmryjUeM","recysV1dDK9D0NT31","recysV1dDK9D0NT31","recVXgbGCCmryjUeM",""
"recMjresYgGuk0GHu","2025-03-21T17:05:22.000Z","Varda – Series B","2024-04-05","90000000","https://www.prnewswire.com/news-releases/varda-announces-90-million-series-b-funding-to-build-factories-in-space-302108949.html","Early Stage Venture","recDtmxZfkMJF2pWx","recgwY9lunJDGn48A","recGzauRoov9AeqdU","rec28VES0eiWren0e","","","","","","","","","","","","recuaeYuZtnx41TF1","Series B","↗","https://www.prnewswire.com/news-releases/varda-announces-90-million-series-b-funding-to-build-factories-in-space-302108949.html","recLSNFkL4Mx5vIAj","recu1BZw3cCaj0pqj","recu1BZw3cCaj0pqj","recLSNFkL4Mx5vIAj",""
"recMlrJRBbYuwscdD","2025-03-19T00:34:44.000Z","Applied Intuition – Series D","2021-11-11","175000000","https://www.prnewswire.com/news-releases/applied-intuition-raises-175m-series-d-co-led-by-elad-gil-addition-and-coatue-management-at-3-6b-valuation-301422396.html","Late Stage Venture","recexqLSn9yjhPdyP","recLZimrIpsN6U95G","recc5nAyS8fFy8kUp","recVgyT9V0S8IZ0Tk","recZmfr98DI6XMvbN","recj33oP2ndWNbQyD","recgwY9lunJDGn48A","","","","","","","","","recUYFBRH0jKtbVbs","Series D","↗","https://www.prnewswire.com/news-releases/applied-intuition-raises-175m-series-d-co-led-by-elad-gil-addition-and-coatue-management-at-3-6b-valuation-301422396.html","recuShUrIV9xrXGLE","reciu5ST3fEX65k4T","reciu5ST3fEX65k4T","recuShUrIV9xrXGLE",""
"recNgCqQ6lFlldbhP","2025-03-17T18:06:19.000Z","Firefly – Series D","2024-11-12","175000000","https://fireflyspace.com/news/firefly-aerospace-closes-oversubscribed-175-million-series-d-capital-raise-with-new-lead-investor/","Late Stage Venture","recjaJaEHShyY6Vdk","recZAdaRgcEhKfazn","recSNkAY8F9pq9Dni","","","","","","","","","","","","","recrPuPcemcmCbl8E","Series D","↗","https://fireflyspace.com/news/firefly-aerospace-closes-oversubscribed-175-million-series-d-capital-raise-with-new-lead-investor/","recVXgbGCCmryjUeM","recysV1dDK9D0NT31","recysV1dDK9D0NT31","recVXgbGCCmryjUeM",""
"recOCcmGZcGU0g8Se","2025-03-07T23:25:27.000Z","Air Space Intelligence – Series B","2023-12-07","34000000","https://www.globenewswire.com/news-release/2023/12/07/2792534/0/en/Air-Space-Intelligence-Secures-34M-Series-B-Financing-Led-by-a16z.html","Early Stage Venture","recK2XmCY7bNkxYBp","recJtDSfNovLKWY7i","rec0otaBHexlaRAAy","recZmfr98DI6XMvbN","","","","","","","","","","","","recI39qDzbjCeoStc","Series B","↗","https://www.globenewswire.com/news-release/2023/12/07/2792534/0/en/Air-Space-Intelligence-Secures-34M-Series-B-Financing-Led-by-a16z.html","recuShUrIV9xrXGLE","recEot4SDR5eKe31b","recEot4SDR5eKe31b","recuShUrIV9xrXGLE",""
"recOtfOuDtK0aP7G5","2025-03-17T23:42:27.000Z","HavocAI – Seed","2024-09-20","11000000","https://www.prnewswire.com/news-releases/havocai-closes-11m-seed-round-to-revolutionize-autonomous-uncrewed-surface-vessel-operations-302254210.html","Seed","rec8zsSMMtGEIhhvt","recd2I4tg1ZvVcB7c","reckCWm8LEtn694nW","recofnFqSdRzGGI3w","recDs3IzhBDuVnRSU","recEAZBo7dgIO1Y6K","recdlWlhuUCehKFEH","recyCec8kQInl4Glq","","","","","","","","rec5pzP08DBSPhaYX","Seed","↗","https://www.prnewswire.com/news-releases/havocai-closes-11m-seed-round-to-revolutionize-autonomous-uncrewed-surface-vessel-operations-302254210.html","reck9rb9NUDRVYQm5","recApW4w70x92IwWB","recApW4w70x92IwWB","reck9rb9NUDRVYQm5",""
"recOvxdW62gBHJBA9","2025-03-05T22:23:59.000Z","Hidden Level – Series A","2021-06-23","17600000","https://www.hiddenlevel.com/thought-leadership/hidden-level-raises-17-6-million-in-series-a-funding","Early Stage Venture","recUSQYd6wGqho6iF","recfYkDxwoHoj1XHV","rectzwOEmD3wsBfNX","recIPhsqspv8ZpZxB","rec9kLTdc3qwepzdG","recf4JRVCIwpllqBS","","","","","","","","","","reczhCxapYJ2v6JRj","Series A","↗","https://www.hiddenlevel.com/thought-leadership/hidden-level-raises-17-6-million-in-series-a-funding","recpyzqQCE1YWMU9O","rec4xxrjaPbNq6f1u","rec4xxrjaPbNq6f1u","recpyzqQCE1YWMU9O",""
"recP9Rq39r3erj8YE","2025-03-06T20:05:08.000Z","Skydio – Series A","2016-01-15","25000000","https://web.archive.org/web/20160331110451/http://www.skydio.com/blog/2016/01/series-a/","Early Stage Venture","recZmfr98DI6XMvbN","receRUE1OeDjrszvo","","","","","","","","","","","","","","recN7l5hjhx4FJObv","Series A","↗","https://web.archive.org/web/20160331110451/http://www.skydio.com/blog/2016/01/series-a/","reck9rb9NUDRVYQm5","recxDRZMpAit2jx2p","recxDRZMpAit2jx2p","reck9rb9NUDRVYQm5",""
"recPAfUwH9cDeNYyu","2025-03-19T21:27:51.000Z","Morpheus Space – Series A","2022-09-14","28000000","https://www.prnewswire.com/news-releases/satellite-mobility-ecosystem-provider-morpheus-space-raises-28m-in-series-a-301624261.html","Early Stage Venture","recLsG7f7qqC8KxuU","recM4PmthASAkDDIr","recWIjYHXZlanV3tC","recdtewg4DkNpVFPR","recphSq4u0qUDbrUr","rec3baywzI7MGPZWV","rechgxSeibnWiyWpL","","","","","","","","","recGRnYcaPFiDd2AW","Series A","↗","https://www.prnewswire.com/news-releases/satellite-mobility-ecosystem-provider-morpheus-space-raises-28m-in-series-a-301624261.html","recVXgbGCCmryjUeM","reczCf603xnzrW5w1","reczCf603xnzrW5w1","recVXgbGCCmryjUeM",""
"recPOwomUY2XsL22u","2025-03-07T16:35:16.000Z","Anduril Industries – Series F","2024-08-07","1500000000","https://www.anduril.com/article/anduril-raises-usd1-5-billion-to-rebuild-the-arsenal-of-democracy/","Late Stage Venture","recGzauRoov9AeqdU","recHttWCzcPky7YJY","recxZknYwWJJxdecI","recE5Fdpp79N7zKFs","recUNelPR29ydQo6Q","rechP5EeaKR9W28PE","recuSCIYByAVwCYlf","","","","","","","","","rec6jsbKlE5JTwPMx","Series F","↗","https://www.anduril.com/article/anduril-raises-usd1-5-billion-to-rebuild-the-arsenal-of-democracy/","recuShUrIV9xrXGLE","","","recuShUrIV9xrXGLE",""
"recPwQpi5HSpuvPef","2025-03-19T20:14:49.000Z","Impulse Space – Seed","2022-03-29","20000000","https://www.impulsespace.com/updates/impulse-space-propulsion-secures-20m-in-seed-round-led-by-founders-fund","Seed","recGzauRoov9AeqdU","","","","","","","","","","","","","","","rec1N9LDpw5Qub0QG","Seed","↗","https://www.impulsespace.com/updates/impulse-space-propulsion-secures-20m-in-seed-round-led-by-founders-fund","recVXgbGCCmryjUeM","recysV1dDK9D0NT31","recysV1dDK9D0NT31","recVXgbGCCmryjUeM",""
"recQ91rsUJ1C0J1TP","2025-03-13T19:40:52.000Z","Fortem Technologies – Series A","2018-03-15","15000000","https://fortemtech.com/press-releases/2018-03-15-fortem-raises-15m-series-a/","Early Stage Venture","recI2OZMYPxqbI66I","recDQQV744LM7mMJb","recNlntZkuNU6hPwb","rec63Jw4nhGAeW7FI","recpG7YIlptqFKygD","rec1bzZjwmUtSF4Fc","","","","","","","","","","recnzfeFnkfYWYCwY","Series A","↗","https://fortemtech.com/press-releases/2018-03-15-fortem-raises-15m-series-a/","recpyzqQCE1YWMU9O","recs326vFiukl29xA","recs326vFiukl29xA","recpyzqQCE1YWMU9O",""
"recQ97gI1z94a1veg","2025-03-06T23:11:07.000Z","Elroy Air – Undisclosed","","0","https://elroyair.com/company/news/press-releases/new-ceo-and-financing-announcement/","","rec8KlFrIjSek97qy","","","","","","","","","","","","","","","recJdhWCQrFlhi92V","Undisclosed","↗","https://elroyair.com/company/news/press-releases/new-ceo-and-financing-announcement/","","","","",""
"recQA9JSy1x1D1iKS","2025-03-19T21:59:27.000Z","Radian Aerospace – Seed","2022-01-19","27500000","https://www.prnewswire.com/news-releases/radian-aerospace-emerges-from-stealth-announces-seed-funding-led-by-fine-structure-ventures-301463373.html","Seed","rec6LWJi8wT4dt3gE","recB0SyxLpAUxemxg","rectBJzMQ2J5ZL4XO","recWnP3Qw3fpIraqW","rechkwzo54rBwFvAi","recdDggiBGuwfvMfg","recs9Xgi0uo70dPdy","rec9FInCQJ1DO0Kkl","recqEraXvCGZIiYws","","","","","","","rectPCEEL0F3aEYZu","Seed","↗","https://www.prnewswire.com/news-releases/radian-aerospace-emerges-from-stealth-announces-seed-funding-led-by-fine-structure-ventures-301463373.html","recVXgbGCCmryjUeM","recysV1dDK9D0NT31","recysV1dDK9D0NT31","recVXgbGCCmryjUeM",""
"recQE3KDxTt0l3i7w","2025-03-06T19:56:51.000Z","Skydio – Extension","2024-11-15","170000000","https://techcrunch.com/2024/11/15/drone-manufacturer-skydio-raises-170-million-extension-round/","Miscellaneous","recFIrbfKCZ8UqjVA","recRAQy7trFmyjgkC","rec3dt1YLWkru7bpC","","","","","","","","","","","","","recN7l5hjhx4FJObv","Extension","↗","https://techcrunch.com/2024/11/15/drone-manufacturer-skydio-raises-170-million-extension-round/","reck9rb9NUDRVYQm5","recxDRZMpAit2jx2p","recxDRZMpAit2jx2p","reck9rb9NUDRVYQm5",""
"recQjVtQkGBcSiL2k","2025-03-05T22:03:58.000Z","Onebrief – Series C","2025-02-10","50000000","https://www.onebrief.com/content-hub/series-c-announcement","Late Stage Venture","recj33oP2ndWNbQyD","reczEHNFntDoj1Efi","recDtmxZfkMJF2pWx","recb1tIKGbMt3Li6v","rectDUogyMQFeV93u","","","","","","","","","","","recoydiR9hm01g8Js","Series C","↗","https://www.onebrief.com/content-hub/series-c-announcement","recuShUrIV9xrXGLE","reciu5ST3fEX65k4T","reciu5ST3fEX65k4T","recuShUrIV9xrXGLE",""
"recRRxgeHZ0PRBnFy","2025-03-13T21:51:09.000Z","Neros – Seed","2024-05-20","10900000","https://medium.com/@sorenma/neros-closes-10-9m-opens-new-factory-13f75df7f059","Seed","recaQYtCFRyQPukgZ","recaQjNkLwptWDDV0","rec5EhgQWKWjNFvz7","rechSQ98j73eEhbvx","rec6EnNhGnIWf7Gwa","rec0aGOzO5hTjpPYs","recloB77THIFy2Uuq","","","","","","","","","recMDzhhhYCSGjvpO","Seed","↗","https://medium.com/@sorenma/neros-closes-10-9m-opens-new-factory-13f75df7f059","reck9rb9NUDRVYQm5","recxDRZMpAit2jx2p","recxDRZMpAit2jx2p","reck9rb9NUDRVYQm5",""
"recRpVuxcb3ldvu7S","2025-03-17T21:53:24.000Z","Esper Satellite Imagery – Pre-Seed","2024-03-04","1000000","https://techcrunch.com/2024/03/04/espers-first-hyperspectral-demonstrator-satellite-lifts-off-on-spacex-rocket/","Seed","recRxSf2instXhk68","recyiVQKbK832hKtD","recaWV0lsbHmNF8kh","","","","","","","","","","","","","recDGV4FyDzq6Awh7","Pre-Seed","↗","https://techcrunch.com/2024/03/04/espers-first-hyperspectral-demonstrator-satellite-lifts-off-on-spacex-rocket/","recVXgbGCCmryjUeM","recbNSQvv1IdUAXMq","recbNSQvv1IdUAXMq","recVXgbGCCmryjUeM",""
"recSCn3ou2PnXPTtD","2025-03-13T19:52:20.000Z","Fortem Technologies – Seed","2017-05-06","5500000","https://techcrunch.com/2017/05/06/fortem-raises-5-5-million-to-hunt-and-take-down-unwanted-drones/","Seed","rec1bzZjwmUtSF4Fc","recI2OZMYPxqbI66I","","","","","","","","","","","","","","recnzfeFnkfYWYCwY","Seed","↗","https://techcrunch.com/2017/05/06/fortem-raises-5-5-million-to-hunt-and-take-down-unwanted-drones/","recpyzqQCE1YWMU9O","recs326vFiukl29xA","recs326vFiukl29xA","recpyzqQCE1YWMU9O",""
"recSDi26tBte3kA2y","2025-03-07T22:21:01.000Z","HawkEye 360 – Series D","2021-11-08","145000000","https://www.he360.com/hawkeye-360-raises-145-million-in-series-d-round-to-expand-dominance-of-the-commercial-radio-frequency-geoint-market/","Late Stage Venture","reczEHNFntDoj1Efi","recuPiC1GkmVZbecS","recetuFX7PVHczVqW","recRjr5ftNCvmwiys","recq74Gyf3g2nQsCY","recCs9KlVHrqW8eKO","recdtRyXjep443zer","recyCec8kQInl4Glq","recfXeqPN4Rsv2Cf7","recZyaUPRYlR0XBGa","rec06dhnK5vnO79xO","recsIGGm98O03Hyva","rec7qx2QUkJnLsgOI","recOhytkPlzXD5c6g","","recdj7iXjiRgvJ2nI","Series D","↗","https://www.he360.com/hawkeye-360-raises-145-million-in-series-d-round-to-expand-dominance-of-the-commercial-radio-frequency-geoint-market/","recVXgbGCCmryjUeM","recbNSQvv1IdUAXMq","recbNSQvv1IdUAXMq","recVXgbGCCmryjUeM",""
"recSEz74CJXEiiiRr","2025-03-19T20:14:38.000Z","Impulse Space – Series A","2023-07-24","45000000","https://www.impulsespace.com/updates/impulse-space-secures-dollar45m-in-series-a-funding-round","Early Stage Venture","rechnturEBzk5jlLb","recGzauRoov9AeqdU","recgwY9lunJDGn48A","recdtewg4DkNpVFPR","recDWWjyNPylP9DPs","","","","","","","","","","","rec1N9LDpw5Qub0QG","Series A","↗","https://www.impulsespace.com/updates/impulse-space-secures-dollar45m-in-series-a-funding-round","recVXgbGCCmryjUeM","recysV1dDK9D0NT31","recysV1dDK9D0NT31","recVXgbGCCmryjUeM",""
"recSjWL7en3SNhCdl","2025-03-17T22:47:58.000Z","Pilgrim – Pre-Seed","2025-03-17","3250000","https://www.piratewires.com/p/creating-supersoldiers-and-curbing-biothreats","Seed","recJCP3aR3YjKBp1g","recaQjNkLwptWDDV0","recdPJv9d9Dku6zcr","","","","","","","","","","","","","rec5zzUU2sNANGHLr","Pre-Seed","↗","https://www.piratewires.com/p/creating-supersoldiers-and-curbing-biothreats","recLSNFkL4Mx5vIAj","recFImHxr4Owiarby","recFImHxr4Owiarby","recLSNFkL4Mx5vIAj",""
"recT6JBnPMJEmD5qd","2025-03-06T22:31:26.000Z","Mach Industries – Series A","2023-10-04","79000000","https://techcrunch.com/2023/10/04/defense-startup-mach-industries-closes-79m-series-a-at-335m-valuation/","Early Stage Venture","recel410N5zZUNRd6","rec2BRkBPo4GfwbRi","recI2OZMYPxqbI66I","","","","","","","","","","","","","rechMtCVsas5dzXFK","Series A","↗","https://techcrunch.com/2023/10/04/defense-startup-mach-industries-closes-79m-series-a-at-335m-valuation/","reck9rb9NUDRVYQm5","recxDRZMpAit2jx2p","recxDRZMpAit2jx2p","reck9rb9NUDRVYQm5",""
"recTyD73gBYFPrDh1","2025-03-13T22:08:11.000Z","ZeroMark – Seed","2024-05-29","7000000","https://www.businesswire.com/news/home/20240529043192/en/ZeroMark-Secures-7M-in-Seed-Funding-for-%e2%80%9cHandheld-Iron-Dome%e2%80%9d","Seed","recV99WP4BnoFTPMs","recZmfr98DI6XMvbN","","","","","","","","","","","","","","recNfKNOkkZPeemgr","Seed","↗","https://www.businesswire.com/news/home/20240529043192/en/ZeroMark-Secures-7M-in-Seed-Funding-for-%e2%80%9cHandheld-Iron-Dome%e2%80%9d","recnikZjj0rLnQKC5","recG3Dipb0iJYDkDY","recG3Dipb0iJYDkDY","recnikZjj0rLnQKC5",""
