Investors,Stage,Announcement ,Sector,Type (Stage),Amount,Date,Company,Fundraising Round,Category
"8VC, Alpha Wave Global, Lerner Enterprises, Tamarack Global, Valar Ventures, Liquid2 Ventures",Early Stage Venture,https://news.crunchbase.com/venture/chaos-industries-defense-tech-anduril/,Radar Systems,Series A,70000000,2023-03-06,Chaos,Chaos – Series A,Electronic Systems
"DADA Holdings, Astera Institute, Canon Ball, Reuben Brothers Limited, SMS Capital Investment, Raven One Ventures, XBTO Ventures",Early Stage Venture,https://fireflyspace.com/news/firefly-completes-oversubscribed-75m-series-a-and-100m-secondary-transaction/,Launch Services,Series A,75000000,2021-05-05,Firefly,Firefly – Series A,Space Systems
"Standard Investments, XN, BOND, Emerson Collective, Crowley Maritime Corporation, Lux Capital, Social Capital, Tribe Capital, Capricorn",Late Stage Venture,https://www.saildrone.com/news/saildrone-advance-ocean-intelligence-series-c-funding,Maritime Systems,Series C,100000000,2021-10-18,Saildrone,Saildrone – Series C,Platform Systems
,Early Stage Venture,https://www.prnewswire.com/news-releases/saildrone-inc-raises-14-million-in-series-a-funding-to-expand-its-fleet-of-sailing-drones-and-ocean-data-services-300322444.html,Maritime Systems,Series A,14000000,2016-09-05,Saildrone,Saildrone – Series A,Platform Systems
"Lightspeed Venture Partners, Alpine Space Ventures, Altimeter Capital, First Round Capital",Early Stage Venture,https://www.prnewswire.com/news-releases/k2-space-announces-110m-series-b-and-first-successful-in-space-demonstration-302375955.html,Military Satellites,Series B,110000000,2025-02-13,K2 Space,K2 Space – Series B,Space Systems
"General Catalyst, Red Cell Partners",Seed,https://www.globenewswire.com/news-release/2025/02/11/3024316/0/en/Andesite-Raises-Additional-23-Million-and-Announces-General-Availability-of-the-Bionic-SOC.html,Cybersecurity Solutions,Seed,23000000,2025-02-11,Andesite,Andesite – Seed,Software & IT Services
"Thiel Capital, JAM Fund, Mesa Air Group, Toba Capital, Olive Tree Capital",Miscellaneous,https://www.regentcraft.com/news/regent-raises-18m-from-strategic-investors-to-accelerate-development-of-its-full-scale-12-passenger-prototype,Maritime Systems,Strategic,18000000,2022-02-04,REGENT,REGENT – Strategic,Platform Systems
General Catalyst,Miscellaneous,https://rebuildmanufacturing.com/news/general-catalyst-invests-in-rebuild-manufacturing/,Manufacturing Support,Undisclosed,120000000,2024-09-25,Re:Build,Re:Build – Undisclosed,Support & Services
"Silent Venture, Caffeinated Capital, 8VC, Andreessen Horowitz (a16z), Lightspeed Venture Partners, Point72 Ventures, U.S. Innovative Technology Fund, Cubit Capital",Seed,https://silentventures.medium.com/silent-ventures-backed-saronic-raises-55m-series-a-will-redefine-u-s-maritime-superiority-48fbf26f687b,Maritime Systems,Seed,15000000,2023-01-01,Saronic,Saronic – Seed,Platform Systems
"Lux Capital, Founders Fund, Construct Capital",Seed,https://techcrunch.com/2021/04/15/hadrian-is-building-the-factories-of-the-future-for-rocket-ships-and-advanced-manufacturing/,Manufacturing Support,Seed,9500000,2021-04-01,Hadrian,Hadrian – Seed,Support & Services
"Riot Ventures, Definition Capital, Impatient Ventures, Valhalla Ventures, Banter Capital, Dmitri Alperovitch",Seed,https://www.prweb.com/releases/deterrence-secures-10-1m-in-funding-to-automate-energetics-production-302329902.html,Ammunition & Explosives,Seed,10100000,2024-12-12,Deterrence,Deterrence – Seed,Weapon Systems
"General Catalyst, Kleiner Perkins, Andreessen Horowitz (a16z), Lux Capital, Floodgate, M12, Sozo Ventures, La Famiglia",Early Stage Venture,https://www.appliedintuition.com/news/series-b-announcement,Defense Software,Series B,40000000,2019-09-12,Applied Intuition,Applied Intuition – Series B,Software & IT Services
Lux Capital,Miscellaneous,https://www.impulsespace.com/updates/impulse-space-secures-dollar10m-from-lux-capital-rounding-out-recent-funding-to-dollar30m,Launch Services,Strategic,10000000,2022-06-16,Impulse Space,Impulse Space – Strategic,Space Systems
"Tribe Capital, Pallas Ventures, DCVC, AIN Ventures, 1517",Early Stage Venture,https://www.pallasadvisors.com/post/pallas-ventures-invests-in-zeno-power-series-a,Power & Energy Systems,Series A,20000000,2022-04-28,Zeno Power,Zeno Power – Series A,Support & Services
"Lakestar, Mosaic Ventures, Costanoa Ventures, Tectonic Ventures",Miscellaneous,https://venturebeat.com/entrepreneur/auterion-raises-10-million-for-open-source-drone-operating-system/,Defense Software,Undisclosed,10000000,2018-11-04,Auterion,Auterion – Undisclosed,Software & IT Services
"StealthPoint, BritBots, Sixth Wave Ventures, Blue Action Accelerator",Seed,https://www.oceansciencetechnology.com/news/acua-ocean-receives-backing-to-develop-hydrogen-powered-usv/,Maritime Systems,Pre-Seed,1900000,2024-12-11,ACUA Ocean,ACUA Ocean – Pre-Seed,Platform Systems
"Axon, Aqton Partners, Menlo Ventures, Felicis Ventures, TargetPartners",Late Stage Venture,https://www.dedrone.com/press/dedrone-closes-30-million-series-c-1-financing,Electronic Warfare Systems,Extension,30000000,2022-07-13,Dedrone,Dedrone – Extension,Electronic Systems
"Battery Ventures, Salesforce Ventures, NEA, Moore Strategic Ventures, Artis Venture",Late Stage Venture,https://www.secondfront.com/resources/blog/series-c-ceo-announcement/,Defense Software,Series C,70000000,2024-09-16,Second Front Systems,Second Front Systems – Series C,Software & IT Services
"Drive Capital, Founders Fund, Next47, Y Combinator, Mark Cuban, Josh Reeves, Jake Seid, Justin Kan, Gokul Rajaram, Paul Buchheit",Early Stage Venture,https://www.prnewswire.com/news-releases/y-combinator-alum-gecko-robotics-raises-40-million-series-b-round-led-by-drive-capital-supporting-rapid-growth-in-industrial-inspection-robotics-300975388.html,"Maintenance, Repair, and Overhaul (MRO)",Series B,40000000,2019-12-16,Gecko Robotics,Gecko Robotics – Series B,Support & Services
"Explorer 1, Eclipse, RTX Ventures",Late Stage Venture,https://www.ursamajor.com/media/press-release/ursa-majors-dollar138m-boost-new-solid-rocket-motors-and-scaled-propulsion,Missiles & Guided Munitions,Series D,138000000,2023-11-30,Ursa Major,Ursa Major – Series D,Weapon Systems
"Lavrock Ventures, The Veteran Fund, SAIC, Crosscut Ventures, Moonshots Capital",Seed,https://spacenews.com/proteus-achieves-breakthrough-in-automated-high-fidelity-structural-design-signs-first-commercial-payload-customer-and-secures-oversubscribed-6-1m-seed-2-funding/,Military Satellites,Seed,6100000,2025-03-18,Proteus Space,Proteus Space – Seed,Space Systems
Andreessen Horowitz (a16z),Seed,https://cdixon.org/2015/01/15/skydio,Unmanned Aerial Vehicles (UAVs),Seed,3000000,2015-01-15,Skydio,Skydio – Seed,Platform Systems
Block 3,Miscellaneous,https://www.block3.us/news-post,Cybersecurity Solutions,Strategic,0,2024-11-18,Sphinx,Sphinx – Strategic,Software & IT Services
"Altos Ventures, New Legacy Ventures, Lerer Hippeau, Catapult Ventures, Lavrock Ventures, New Stack Ventures, TenOneTen, DA Ventures, Union Labs VC, Techstars Ventures",Early Stage Venture,https://www.urbansky.com/post/urban-sky-raises-30-million-in-series-b-funding-to-unlock-routine-and-easy-global-access-to-the-str,Military Satellites,Series B,30000000,2025-02-06,Urban Sky,Urban Sky – Series B,Space Systems
"Spark Capital, DCVC, Mark VC, Harmony Partners",Early Stage Venture,https://www.capellaspace.com/press-releases/capella-space-closes-19m-series-b-to-deliver-reliable-earth-observation-data-on-demand,Space-based Sensors & ISR,Series B,19000000,2018-09-26,Capella Space,Capella Space – Series B,Space Systems
"8090 Industries, 1517, Stellar Ventures, Boost VC, 10X Founders, Pathbreaker Ventures, AIN Ventures, Tiny VC, MD One Ventures, Reinforced Ventures, Techstars Space, Capital Factory, Vibe Capital, Gaingels",Seed,https://www.accessnewswire.com/newsroom/en/industrial-and-manufacturing/solideon-oversubscribes-pre-seed-goals-advances-vision-for-future-manuf-889960,Manufacturing Support,Pre-Seed,5000000,2024-07-17,Solideon,Solideon – Pre-Seed,Support & Services
"Lockheed Martin Ventures, Hanwha Aerospace, Crumpton Ventures, DCVC, Signia Venture Partners",Miscellaneous,https://www.prnewswire.com/news-releases/fortem-technologies-closes-17-8m-in-funding-round-to-scale-airspace-safety-and-security-capabilities-301752008.html,Electronic Warfare Systems,Undisclosed,17800000,2023-02-21,Fortem Technologies,Fortem Technologies – Undisclosed,Electronic Systems
Sequoia Capital,Seed,https://www.reuters.com/technology/sequoia-makes-first-defense-tech-investment-mach-industries-2023-06-15/,Unmanned Aerial Vehicles (UAVs),Seed,5700000,2023-06-16,Mach Industries,Mach Industries – Seed,Platform Systems
LAGO Innovation Fund,Miscellaneous,https://fortemtech.com/press-releases/2024-11-13-lago-innovation-fund-facilitates-10mm-investment-in-fortem-technologies-to-support-demand-for-drone-defense-solutions/,Electronic Warfare Systems,Strategic,10000000,2024-11-13,Fortem Technologies,Fortem Technologies – Strategic,Electronic Systems
Leidos,Late Stage Venture,https://www.he360.com/hawkeye-360-adds-leidos-as-investor-to-bring-series-d-round-to-150-million/,Space-based Sensors & ISR,Strategic,5000000,2022-01-06,HawkEye 360,HawkEye 360 – Strategic,Space Systems
"Future Fund, Greenspring Associates, Khosla Ventures, Bessemer Venture Partners, Promus Ventures, K1W1 investment fund, ACC",,https://www.rocketlabusa.com/updates/rocket-lab-announces-140-million-in-new-funding/,Launch Services,Series E,140000000,2018-11-15,Rocket Lab,Rocket Lab – Series E,Space Systems
"Founders Fund, Lux Capital, Spring Tide, DCVC, Airbus, Alumni Ventures, Balerion Space Ventures, RTX Ventures, Tamarack Global, 137 Ventures, Elysium, First Principles Group, Island Green, Overmatch Ventures, Trousdale Ventures",Early Stage Venture,https://www.impulsespace.com/updates/impulse-space-secures-dollar150m-in-series-b-funding-to-support-ongoing-company-momentum,Launch Services,Series B,150000000,2024-10-01,Impulse Space,Impulse Space – Series B,Space Systems
"DYNE Ventures, Lockheed Martin Ventures, RTX Ventures, In-Q-Tel, Propeller Ventures, SAIC, Cubit Capital, Fortitude Ventures, Centre Street Partners, The Veteran Fund, Blue Collective, Decisive Point",Seed,https://www.prnewswire.com/news-releases/vatn-systems-raises-13-million-seed-round-to-advance-autonomous-underwater-vehicles-for-us-defense-302301937.html,Maritime Systems,Seed,13000000,2024-11-12,Vatn Systems,Vatn Systems – Seed,Platform Systems
"Moore Strategic Ventures, Booz Allen Ventures",Early Stage Venture,https://www.axios.com/2023/06/07/defense-contractor-shift5-closes-83m-series-b-round,Cybersecurity Solutions,Series B,83000000,2023-06-07,Shift5,Shift5 – Series B,Software & IT Services
"8VC, Washington Harbour Partners, Oppenheimer, NightDragon, Manhattan Venture Partners, Centaurus Capital LP, Center15 Capital, General Dynamics Land Systems, StepStone Group, Gaingels",Late Stage Venture,https://www.epirusinc.com/press-releases/epirus-closes-250m-series-d-to-hyperscale-leonidas-production-capability-for-critical-asset-protection,Directed Energy Weapons,Series D,250000000,2025-03-05,Epirus,Epirus – Series D,Weapon Systems
"General Catalyst, Elad Gil, Accel, Saab, Lightspeed Venture Partners, Plural, Greenoaks",Late Stage Venture,https://helsing.ai/newsroom/helsing-further-strengthens-european-defence-capabilities-with-funding-round,Data Analytics & AI,Series C,487000000,2024-07-10,Helsing,Helsing – Series C,Software & IT Services
"Paspalis Capital, Hejaz",Seed,https://payloadspace.com/esper-satellites-raises-3-1m-seed-round/,Space-based Sensors & ISR,Seed,3100000,2025-03-04,Esper Satellite Imagery,Esper Satellite Imagery – Seed,Space Systems
"U.S. Innovative Technology Fund, Founders Fund, XN, XYZ Ventures, Drive Capital, Snowpoint, Joe Lonsdale, Mark Cuban, Gokul Rajaram",Late Stage Venture,https://www.geckorobotics.com/news/gecko-robotics-raises-usd100-million-to-extend-its-series-c-funding-enabling,"Maintenance, Repair, and Overhaul (MRO)",Series C,173000000,2023-12-05,Gecko Robotics,Gecko Robotics – Series C,Support & Services
"Elad Gil, General Catalyst, Andreessen Horowitz (a16z), 8VC, Caffeinated Capital",Late Stage Venture,https://www.prnewswire.com/news-releases/saronic-raises-600m-series-c-to-take-on-autonomous-shipbuilding-302379441.html,Maritime Systems,Series C,600000000,2025-02-18,Saronic,Saronic – Series C,Platform Systems
"Andreessen Horowitz (a16z), Linse Capital, IVP, Next47, UP.Partners",Late Stage Venture,https://www.skydio.com/blog/autonomous-drone-skydio-announces-170-million-series-d-funding,Unmanned Aerial Vehicles (UAVs),Series D,170000000,2021-03-01,Skydio,Skydio – Series D,Platform Systems
"8VC, Artis Venture, Abstract Ventures, Kleiner Perkins, Gula Tech Adventures, Pallas Ventures",Seed,https://www.secondfront.com/resources/news/seed-round-2021/,Defense Software,Seed,8100000,2021-01-27,Second Front Systems,Second Front Systems – Seed,Software & IT Services
"Decisive Point, Lockheed Martin Ventures, RTX Ventures, Top Aces",Seed,https://www.episci.com/newsroom/z70zktrf3b7d8g38o3cwosorx12fq1,Data Analytics & AI,Pre-Seed,0,2023-04-20,EpiSci,EpiSci – Pre-Seed,Software & IT Services
"T. Rowe Price Associates, Inc., 8VC, Bedrock, Broom Ventures, EPIQ Capital Group, General Dynamics Land Systems, Gaingels, I Squared Capital, Moore Strategic Ventures, Parkwood, Piedmont Capital Investments, Red Cell Partners, StepStone Group",Late Stage Venture,https://www.epirusinc.com/press-releases/epirus-raises-200-million-in-series-c-funding,Directed Energy Weapons,Series C,200000000,2022-02-15,Epirus,Epirus – Series C,Weapon Systems
"Veteran Ventures, 8VC, GSBackers, Marlinspike, MVP Ventures, Gaingels, Kern Venture Fund, Jackson Moses, Vertical Capital",Early Stage Venture,https://www.cambium-usa.com/wp-content/uploads/2023/12/Cambium-Series-A-announcement.pdf,Advanced Materials,Series A,19000000,2023-12-05,Cambium,Cambium – Series A,Support & Services
"MaC Venture Captial, Founders Fund, Village Global, Countdown Capital, Hanover Technology Investment Management, Shrug Capital, 8090 Industries, Silent Venture",Seed,https://www.businesswire.com/news/home/20230601005184/en/Galvanick-Announces-%2410-Million-in-Seed-Funding-for-Its-Industrial-Cybersecurity-Platform,Cybersecurity Solutions,Seed,10000000,2023-06-01,Galvanick,Galvanick – Seed,Software & IT Services
"Next47, DoCoMo, Levitate Capital, Andreessen Horowitz (a16z), IVP, Playground",Late Stage Venture,https://www.skydio.com/blog/skydio-raises-100-million,Unmanned Aerial Vehicles (UAVs),Series C,100000000,2020-07-13,Skydio,Skydio – Series C,Platform Systems
"Lux Capital, Founders Fund",Seed,https://www.businesswire.com/news/home/20240418799842/en/Nominal-Emerges-From-Stealth-With-Backing-From-General-Catalyst-Lux-Capital-Founders-Fund-for-Navigating-Mission-Critical-Data-Analytics,Defense Software,Seed,7500000,2024-04-22,Nominal,Nominal – Seed,Software & IT Services
"Aleph, Group 11",Early Stage Venture,https://www.wsj.com/articles/ex-ceo-of-nso-group-raises-33-6-million-for-israeli-cyber-startup-ae8e7399,Cybersecurity Solutions,Series A,33600000,2023-11-07,Dream Security,Dream Security – Series A,Software & IT Services
Hexagon AB,Late Stage Venture,https://www.prnewswire.com/news-releases/divergent-technologies-inc-announces-closing-of-upsized-230-million-series-d-capital-raise-301985962.html,Manufacturing Support,Series D,230000000,2023-11-13,Divergent Technologies,Divergent Technologies – Series D,Support & Services
"Caffeinated Capital, 8VC, U.S. Innovative Technology Fund, Andreessen Horowitz (a16z), Lightspeed Venture Partners, Point72 Ventures, Silent Venture, Overmatch Ventures, Ensemble VC, Cubit Capital",Early Stage Venture,https://www.prnewswire.com/news-releases/naval-maritime-autonomy-company-raises-55-million-in-series-a-fundraise-301951085.html,Maritime Systems,Series A,55000000,2023-10-10,Saronic,Saronic – Series A,Platform Systems
Shield Capital,,https://www.cooley.com/news/coverage/2024/2024-02-08-elroy-air-announces-nearly-50-million-in-new-funding,,Undisclosed,0,,Elroy Air,Elroy Air – Undisclosed,
"Craft Ventures, Inspired Capital, Rally Ventures",Early Stage Venture,https://www.businesswire.com/news/home/20250326066567/en/Allen-Control-Systems-Raises-%2430-Million-Series-A-to-Accelerate-Deployment-of-Autonomous-Weapon-Systems-and-Counter-Rapidly-Proliferating-Drone-Threat,Small Arms & Light Weapons,Series A,30000000,2025-03-27,Allen Control Systems,Allen Control Systems – Series A,Weapon Systems
"Next Frontier Capital, Defy.VC, 8VC",Early Stage Venture,https://techcrunch.com/2024/12/11/reveal-technology-raises-11m-to-scale-decision-dominance-tools-for-dod/,Data Analytics & AI,Series A,11200000,2024-12-11,Reveal,Reveal – Series A,Software & IT Services
"AlleyCorp, Mach33, FUSE, First In, TFX, Offline Ventures, Atypical",Seed,https://www.portalsystems.space/portal-space-systems-raises-17-5m-in-oversubscribed-seed-round-to-build-multi-role-trans-orbital-spacecraft-powered-by-solar-thermal-propulsion,Military Satellites,Seed,17500000,2025-04-01,Portal Space Systems,Portal Space Systems – Seed,Space Systems
"Silent Venture, Acequia Capital, Eidetic Ventures",Seed,,Manufacturing Support,Undisclosed,0,2023-10-01,Dirac,Dirac – Undisclosed,Support & Services
"Shield Capital, Point72 Ventures, Booz Allen Ventures, Aero X Ventures, Trousdale Ventures, TRAC VC, Munich Re Ventures, Toyota Ventures, NFX, Industrious Ventures",Early Stage Venture,https://techcrunch.com/2024/11/13/starfish-space-raises-29m-to-launch-satellite-servicing-spacecraft/,Military Satellites,Strategic,29000000,2024-11-13,Starfish Space,Starfish Space – Strategic,Space Systems
"Horizons Ventures, Altran Technologies",Early Stage Venture,https://www.businesswire.com/news/home/20170125005154/en/Divergent-3D-Closes-23M-Series-A-Funding-Round-Led-by-Horizons-Ventures,Manufacturing Support,Series A,23000000,2017-01-25,Divergent Technologies,Divergent Technologies – Series A,Support & Services
"Lightspeed Venture Partners, Lavrock Ventures, Cantos, First In, BlueYard Capital, Interlagos, Andreessen Horowitz (a16z)",Early Stage Venture,https://www.businesswire.com/news/home/20250129937934/en/Castelion-Announces-100M-Financing,Missiles & Guided Munitions,Series A,70000000,2025-01-29,Castelion,Castelion – Series A,Weapon Systems
"Illuminate Financial, Booz Allen Ventures, IBM Ventures, Jefferies Family Office, Accenture, DCVC, Y Combinator, Partnership Fund for New York City",Early Stage Venture,https://www.prnewswire.com/news-releases/reality-defender-expands-series-a-to-33-million-to-enhance-ai-detection-capabilities-302283098.html,Cybersecurity Solutions,Extension,33000000,2024-10-22,Reality Defender,Reality Defender – Extension,Software & IT Services
"Conny & Co, Quiet Capital, One Way Ventures, Liquid2 Ventures, Cathexis Ventures, ACE & Company",Seed,https://www.destinus.com/post/destinus-closes-usd29m-seed-round,Unmanned Aerial Vehicles (UAVs),Seed,29000000,2022-02-09,Destinus,Destinus – Seed,Platform Systems
"Razor’s Edge, Shield Capital, Dorilton Ventures, Advance, Esri, Adage Capital",Late Stage Venture,https://www.he360.com/hawkeye-360-secures-55-million-series-c-funding-round/,Space-based Sensors & ISR,Series C,55000000,2021-04-12,HawkEye 360,HawkEye 360 – Series C,Space Systems
"Point72 Ventures, Shasta Ventures, Ascend, Pioneer Square Labs, Voyager Capital, Cubit Capital",Seed,https://www.overland.ai/news/overland-ai-secures-10m-in-seed-funding-to-accelerate-development-of-autonomous-vehicle-software-for-high-risk-missions,Unmanned Ground Vehicles (UGVs),Seed,10000000,2024-05-20,Overland,Overland – Seed,Platform Systems
Andreessen Horowitz (a16z),Early Stage Venture,https://web.archive.org/web/20170508031635/https://www.prnewswire.com/news-releases/shield-ai-raises-105-million-in-series-a-funding-led-by-andreesen-horowitz-300433742.html,Data Analytics & AI,Series A,10500000,2017-04-03,Shield AI,Shield AI – Series A,Software & IT Services
"First Round Capital, Republic Capital, Countdown Capital, Boost VC, Also Capital, Side Door Ventures, Earthrise Ventures, Spacecadet VC, Pathbreaker Ventures",Seed,https://www.cnbc.com/2023/03/10/k2-space-startup-building-massive-spacecraft.html,Military Satellites,Seed,8500000,2023-03-10,K2 Space,K2 Space – Seed,Space Systems
"NEA, Moore Strategic Ventures, AE Industrial Partners",Early Stage Venture,https://www.secondfront.com/resources/news/second-front-series-b/,Defense Software,Series B,40000000,2023-11-28,Second Front Systems,Second Front Systems – Series B,Software & IT Services
"Silent Venture, Quiet Capital, MaC Venture Captial, Valhalla Ventures",Seed,https://www.linkedin.com/posts/michaelxbloch_how-small-smart-cheap-and-many-is-the-activity-7260414288605900802-4AEQ?utm_source=share&utm_medium=member_desktop&rcm=ACoAADxEwvABwn9C6xZ6wc5PM4dJKF5Uy1pj-SA,Missiles & Guided Munitions,Undisclosed,0,2024-11-07,Aeon,Aeon – Undisclosed,Weapon Systems
"AE Industrial Partners, Mitsui & Co",Late Stage Venture,https://fireflyspace.com/news/firefly-aerospace-closes-third-tranche-of-series-c-round-reaching-approximately-300-million-of-financing-to-date/,Launch Services,Series C,300000000,2023-11-10,Firefly,Firefly – Series C,Space Systems
"8090 Industries, Founders Fund, Japan Airlines Innovation Fund, Lockheed Martin Ventures, Yamato Holdings, Point72 Ventures, Caffeinated Capital, Mark Cuban, UAE’s Strategic Development Fund, Future Planet Capital",Early Stage Venture,https://www.regentcraft.com/news/regent-raises-60m-series-a-to-define-new-era-of-sustainable-transportation,Maritime Systems,Series A,60000000,2023-10-05,REGENT,REGENT – Series A,Platform Systems
"Bessemer Venture Partners, The General Partnership, XYZ Ventures, Pallas Ventures",Early Stage Venture,https://www.businesswire.com/news/home/20240327066760/en/TurbineOne-Raises-%2415M-in-Series-A-Funding-Round,Data Analytics & AI,Series A,15000000,2024-03-27,TurbineOne,TurbineOne – Series A,Software & IT Services
"Andreessen Horowitz (a16z), Caffeinated Capital, 8VC, Elad Gil, NightDragon",Early Stage Venture,https://www.prnewswire.com/news-releases/saronic-raises-175-million-in-series-b-funding-valuing-company-at-1-billion-302201280.html,Maritime Systems,Series B,175000000,2024-07-19,Saronic,Saronic – Series B,Platform Systems
"Bessemer Venture Partners, Fifth Growth Fund, Red Cell Partners",Seed,https://www.businesswire.com/news/home/20240820394556/en/Defense-Tech-Startup-DEFCON-AI-Raises-%2444M-in-Seed-Financing,Defense Software,Seed,44000000,2024-08-20,DEFCON AI,DEFCON AI – Seed,Software & IT Services
"Lockheed Martin Ventures, Northrop Grumman Corporation, Asymmetry Ventures, SpaceFund, Marubeni Ventures, Audacious Venture Partners",Miscellaneous,https://www.orbitfab.com/news/lm-ng-investment/,Military Satellites,Undisclosed,10000000,2021-09-07,Orbit Fab,Orbit Fab – Undisclosed,Space Systems
"Altimeter Capital, Alpine Space Ventures",Early Stage Venture,https://www.cnbc.com/2024/02/13/startup-k2-space-raises-50-million.html,Military Satellites,Series A,50000000,2024-02-13,K2 Space,K2 Space – Series A,Space Systems
"Lauder Partners, Booz Allen Ventures, Washington Harbour Partners, Veteran Ventures, Valor Equity",Early Stage Venture,https://www.hiddenlevel.com/thought-leadership/hidden-level-secures-100m-to-advance-national-security,Radar Systems,Series B,35000000,2024-08-01,Hidden Level,Hidden Level – Series B,Electronic Systems
Founders Fund,Early Stage Venture,https://www.wired.com/story/palmer-luckey-anduril-border-wall/,,Series A,41000000,2018-05-01,Anduril Industries,Anduril Industries – Series A,Software & IT Services
"Lux Capital, Section 32, Mubadala Ventures, DCVC, Amplify, Avalon Capital Group, AME, Bloomberg Beta, Crosslink, In-Q-Tel",Early Stage Venture,https://primer.ai/news/primer-adds-usd40m-to-expand-team-language-capabilities-and-enter-new/,Data Analytics & AI,Series B,40000000,2018-11-15,Primer,Primer – Series B,Software & IT Services
"Founders Fund, Shield Capital, Lux Capital, 8090 Industries, Felicis, Contrary, Valor Equity, Marlinspike, 137 Ventures, Koch Real Estate Investments, 8VC",Early Stage Venture,https://www.businesswire.com/news/home/20231211233103/en/Armada-Raises-More-Than-55M-to-Bridge-the-Digital-Divide,Data Analytics & AI,Series A,55000000,2023-12-11,Armada,Armada – Series A,Software & IT Services
"Bilal Zuberi, Elad Gil, Porsche Investments Management S.A., Andreessen Horowitz (a16z), General Catalyst, Mary Meeker, Human Capital, Henry Kravis, Ray Dalio, Mustafa Suleyman, John Quinn, Nico Rosberg",Late Stage Venture,https://www.prnewswire.com/news-releases/applied-intuition-inc-grows-to-6-billion-valuation-securing-250-million-in-series-e-funding-to-advance-vehicle-software-and-ai-capabilities-302086239.html,Defense Software,Series E,250000000,2024-03-12,Applied Intuition,Applied Intuition – Series E,Software & IT Services
"Bessemer Venture Partners, Khosla Ventures, K1W1 investment fund, Lockheed Martin Ventures",Early Stage Venture,https://www.rocketlabusa.com/updates/rocket-lab-developer-of-the-electron-orbital-vehicle-closes-series-b-round-2/,Launch Services,Series B,0,2015-03-31,Rocket Lab,Rocket Lab – Series B,Space Systems
"Caffeinated Capital, Lux Capital, Founders Fund, Khosla Ventures",Early Stage Venture,https://www.prnewswire.com/news-releases/varda-announces-90-million-series-b-funding-to-build-factories-in-space-302108949.html,Manufacturing Support,Series B,90000000,2024-04-05,Varda,Varda – Series B,Support & Services
"Elad Gil, Addition, Coatue, Semil Shah, Andreessen Horowitz (a16z), General Catalyst, Lux Capital",Late Stage Venture,https://www.prnewswire.com/news-releases/applied-intuition-raises-175m-series-d-co-led-by-elad-gil-addition-and-coatue-management-at-3-6b-valuation-301422396.html,Defense Software,Series D,175000000,2021-11-11,Applied Intuition,Applied Intuition – Series D,Software & IT Services
"RPM Ventures, GiantLeap Capital, Human Element",Late Stage Venture,https://fireflyspace.com/news/firefly-aerospace-closes-oversubscribed-175-million-series-d-capital-raise-with-new-lead-investor/,Launch Services,Series D,175000000,2024-11-12,Firefly,Firefly – Series D,Space Systems
"Bloomberg Beta, Renegade Partners, Spark Capital, Andreessen Horowitz (a16z)",Early Stage Venture,https://www.globenewswire.com/news-release/2023/12/07/2792534/0/en/Air-Space-Intelligence-Secures-34M-Series-B-Financing-Led-by-a16z.html,Data Analytics & AI,Series B,34000000,2023-12-07,Air Space Intelligence,Air Space Intelligence – Series B,Software & IT Services
"Eclipse, Riot Ventures, Impatient Ventures",Seed,https://www.prnewswire.com/news-releases/blue-water-autonomy-emerges-from-stealth-to-usher-in-new-era-of-autonomous-ships-and-modernize-the-maritime-economy-302426198.html,Maritime Systems,Seed,14000000,2025-04-11,Blue Water Autonomy,Blue Water Autonomy – Seed,Platform Systems
"Scout Ventures, Trousdale Ventures, The Veteran Fund, Outlander VC, BVVC, Decisive Point, Alumni Ventures, New North Ventures",Seed,https://www.prnewswire.com/news-releases/havocai-closes-11m-seed-round-to-revolutionize-autonomous-uncrewed-surface-vessel-operations-302254210.html,Maritime Systems,Seed,11000000,2024-09-20,HavocAI,HavocAI – Seed,Platform Systems
"Lobby Capital, Lockheed Martin Ventures, Alsop Louie Partners, Pipeline Capital, Quest Venture Partners, Lauder Partners",Early Stage Venture,https://www.hiddenlevel.com/thought-leadership/hidden-level-raises-17-6-million-in-series-a-funding,Radar Systems,Series A,17600000,2021-06-23,Hidden Level,Hidden Level – Series A,Electronic Systems
"Andreessen Horowitz (a16z), Accel",Early Stage Venture,https://web.archive.org/web/20160331110451/http://www.skydio.com/blog/2016/01/series-a/,Unmanned Aerial Vehicles (UAVs),Series A,25000000,2016-01-15,Skydio,Skydio – Series A,Platform Systems
"Alpine Space Ventures, Vsquared Ventures, Lavrock Ventures, Airbus, In-Q-Tel, Pallas Ventures, Techstars Ventures",Early Stage Venture,https://www.prnewswire.com/news-releases/satellite-mobility-ecosystem-provider-morpheus-space-raises-28m-in-series-a-301624261.html,Military Satellites,Series A,28000000,2022-09-14,Morpheus Space,Morpheus Space – Series A,Space Systems
"Founders Fund, Sands Capital, Fidelity Management & Research Company, Counterpoint Global, Baillie Gifford, Franklin Venture Partners, Altimeter",Late Stage Venture,https://www.anduril.com/article/anduril-raises-usd1-5-billion-to-rebuild-the-arsenal-of-democracy/,,Series F,1500000000,2024-08-07,Anduril Industries,Anduril Industries – Series F,Software & IT Services
Founders Fund,Seed,https://www.impulsespace.com/updates/impulse-space-propulsion-secures-20m-in-seed-round-led-by-founders-fund,Launch Services,Seed,20000000,2022-03-29,Impulse Space,Impulse Space – Seed,Space Systems
"DCVC, Boeing, Mubadala Ventures, Manifest Growth, New Ground Ventures, Signia Venture Partners",Early Stage Venture,https://fortemtech.com/press-releases/2018-03-15-fortem-raises-15m-series-a/,Electronic Warfare Systems,Series A,15000000,2018-03-15,Fortem Technologies,Fortem Technologies – Series A,Electronic Systems
Marlinspike Capital,,https://elroyair.com/company/news/press-releases/new-ceo-and-financing-announcement/,,Undisclosed,0,,Elroy Air,Elroy Air – Undisclosed,
"Fine Structure Ventures, EXOR, The Venture Collective, Helios Capital, SpaceFund, The Private Shares Fund, Gaingels, Explorer 1, Type 1 Ventures",Seed,https://www.prnewswire.com/news-releases/radian-aerospace-emerges-from-stealth-announces-seed-funding-led-by-fine-structure-ventures-301463373.html,Launch Services,Seed,27500000,2022-01-19,Radian Aerospace,Radian Aerospace – Seed,Space Systems
"KDDI, Axon, Linse Capital",Miscellaneous,https://techcrunch.com/2024/11/15/drone-manufacturer-skydio-raises-170-million-extension-round/,Unmanned Aerial Vehicles (UAVs),Extension,170000000,2024-11-15,Skydio,Skydio – Extension,Platform Systems
"General Catalyst, Insight Partners, Caffeinated Capital, 9Yards Capital, Human Capital",Late Stage Venture,https://www.onebrief.com/content-hub/series-c-announcement,Defense Software,Series C,50000000,2025-02-10,Onebrief,Onebrief – Series C,Software & IT Services
"Sequoia Capital, Cantos, Peter Thiel, D3, A*, Box Group, Long Journey",Seed,https://medium.com/@sorenma/neros-closes-10-9m-opens-new-factory-13f75df7f059,Unmanned Aerial Vehicles (UAVs),Seed,10900000,2024-05-20,Neros,Neros – Seed,Platform Systems
"Stellar Ventures, Day One Ventures, Dolby Family Ventures",Seed,https://techcrunch.com/2024/03/04/espers-first-hyperspectral-demonstrator-satellite-lifts-off-on-spacex-rocket/,Space-based Sensors & ISR,Pre-Seed,1000000,2024-03-04,Esper Satellite Imagery,Esper Satellite Imagery – Pre-Seed,Space Systems
"Signia Venture Partners, DCVC",Seed,https://techcrunch.com/2017/05/06/fortem-raises-5-5-million-to-hunt-and-take-down-unwanted-drones/,Electronic Warfare Systems,Seed,5500000,2017-05-06,Fortem Technologies,Fortem Technologies – Seed,Electronic Systems
"Insight Partners, Seraphim Space Investment Trust, Strategic Development Fund, Jacobs, New Vista Capital, Gula Tech Adventures, 116 Street Ventures, New North Ventures, Advance, Razor’s Edge, NightDragon, SVB Capital, Shield Capital, Adage Capital",Late Stage Venture,https://www.he360.com/hawkeye-360-raises-145-million-in-series-d-round-to-expand-dominance-of-the-commercial-radio-frequency-geoint-market/,Space-based Sensors & ISR,Series D,145000000,2021-11-08,HawkEye 360,HawkEye 360 – Series D,Space Systems
"RTX Ventures, Founders Fund, Lux Capital, Airbus, Space Capital",Early Stage Venture,https://www.impulsespace.com/updates/impulse-space-secures-dollar45m-in-series-a-funding-round,Launch Services,Series A,45000000,2023-07-24,Impulse Space,Impulse Space – Series A,Space Systems
"Thiel Capital, Cantos, Refactor",Seed,https://www.piratewires.com/p/creating-supersoldiers-and-curbing-biothreats,Health & Biotech,Pre-Seed,3250000,2025-03-17,Pilgrim,Pilgrim – Pre-Seed,Support & Services
"Bedrock, Marque Ventures, DCVC",Early Stage Venture,https://techcrunch.com/2023/10/04/defense-startup-mach-industries-closes-79m-series-a-at-335m-valuation/,Unmanned Aerial Vehicles (UAVs),Series A,79000000,2023-10-04,Mach Industries,Mach Industries – Series A,Platform Systems
"Ground Up Ventures, Andreessen Horowitz (a16z)",Seed,https://www.businesswire.com/news/home/20240529043192/en/ZeroMark-Secures-7M-in-Seed-Funding-for-%e2%80%9cHandheld-Iron-Dome%e2%80%9d,Small Arms & Light Weapons,Seed,7000000,2024-05-29,ZeroMark,ZeroMark – Seed,Weapon Systems
"Baillie Gifford, NATO Innovations Fund, National Security Strategic Investment Fund (NSSIF), Crescent Cove Advisors, Iberis Semper, Cedrus Capital",Miscellaneous,https://www.tekever.com/news/tekever-raises-70-millions-euros-and-brings-strategic-investors-on-board/,Unmanned Aerial Vehicles (UAVs),Undisclosed,74500000,2024-11-22,TEKEVER,TEKEVER – Undisclosed,Platform Systems
"Valor Equity, Founders Fund, General Catalyst, 8VC, Lux Capital, Thrive Capital, DFJ Growth, Elad Gil, Lachy Groom, Human Capital, Marlinspike, WCM Investment Management, MVP Ventures, U.S. Innovative Technology Fund, Lightspeed Venture Partners",Late Stage Venture,https://www.anduril.com/article/anduril-raises-usd1-48-billion-in-series-e-funding/,,Series E,1480000000,2022-12-02,Anduril Industries,Anduril Industries – Series E,Software & IT Services
"Index Ventures, Interlagos, Breakthrough Energy Ventures, Andreessen Horowitz (a16z), NEA, Vlad Tenev, Jared Leto, François-Paul Journe",Early Stage Venture,https://aetherflux.medium.com/aetherflux-raises-50-million-to-deliver-energy-to-planet-earth-b5a6859cb0ce,Power & Energy Systems,Series A,50000000,2025-04-02,Aetherflux,Aetherflux – Series A,Support & Services
"Felicis, DFJ Growth, Aloft VC, Costanoa Ventures, Point72 Ventures, General Catalyst, Shield Capital",Early Stage Venture,https://www.prnewswire.com/news-releases/vannevar-labs-announces-75m-series-b-funding-round-301725181.html,Defense Software,Series B,75000000,2023-01-18,Vannevar Labs,Vannevar Labs – Series B,Software & IT Services
"Booz Allen Ventures, Cubit Capital, Bill Perkins, Breakthrough Energy Ventures, Energy Ventures, Shield Capital, Initialized Capital, Y Combinator, Giant Step Capital, Republic Capital",Early Stage Venture,https://www.businesswire.com/news/home/20240123301939/en/Albedo-Raises-35M-to-Commercialize-Very-Low-Earth-Orbit-VLEO,Military Satellites,Series A,35000000,2024-01-23,Albedo,Albedo – Series A,Space Systems
,,,,,,,, – ,
Snowpoint,Early Stage Venture,https://www.prnewswire.com/news-releases/red-6-raises-30m-in-series-a-at-a-130m-post-cap-valuation-to-solve-national-security-gap-in-military-training-301302542.html,Training & Simulation,Series A,30000000,2021-06-01,Red 6,Red 6 – Series A,Support & Services
"Sapphire Venutures, Ansa Capital",Early Stage Venture,https://www.businesswire.com/news/home/20240307277716/en/Defense-Unicorns-Raises-35-Million-Series-A-to-Advance-National-Security-through-Open-Source-Software,Defense Software,Series A,35000000,2024-03-07,Defense Unicorns,Defense Unicorns – Series A,Software & IT Services
Breakthrough Victoria,Late Stage Venture,https://www.businesswire.com/news/home/20240430194762/en/World-View-Expands-into-Indo-Pacific-with-25M-Strategic-Investment,Space-based Sensors & ISR,Strategic,25000000,2024-05-02,World View,World View – Strategic,Space Systems
"Craft Ventures, Forum Ventures, Rally Ventures",Seed,https://www.businesswire.com/news/home/20240418737342/en/Defense-Technology-Company-Allen-Control-Systems-Raises-12-Million-Seed-Capital-to-Build-Counter-Drone-Robotic-Gun-Systems,Small Arms & Light Weapons,Seed,12000000,2024-04-18,Allen Control Systems,Allen Control Systems – Seed,Weapon Systems
"Ventura Capital, Iberis Capital",Miscellaneous,https://www.tekever.com/news/tekever-raises-20m-eur-for-global-expansion/,Unmanned Aerial Vehicles (UAVs),Undisclosed,20400000,2022-07-01,TEKEVER,TEKEVER – Undisclosed,Platform Systems
"Prime Movers Lab, Draper Associates, Boost VC, Saturn Five, Seraph Group, Cantos, The Helm & Tamarack Global",Early Stage Venture,https://www.venusaero.com/venus-aerospace-raises-20-million-in-series-a-funding-led-by-prime-movers-lab/,Military Aircraft,Series A,20000000,2022-04-04,Venus Aerospace,Venus Aerospace – Series A,Platform Systems
"Riot Ventures, Eclipse, ACME Capital, Menlo Ventures, 645 Ventures, Narya, Rocketship.vc, Champion Hill Ventures, FiveNine Ventures",Early Stage Venture,https://www.prnewswire.com/news-releases/true-anomaly-raises-100-million-in-series-b-funding-to-further-accelerate-growth-302012405.html,Military Satellites,Series B,100000000,2023-12-12,True Anomoly,True Anomoly – Series B,Space Systems
"Lockheed Martin Ventures, Decisive Point, 645 Ventures, BVVC, Marque Ventures, Cubit Capital, IronGate Capital, Backswing Ventures, The Veteran Fund, Feld Ventures, Beyond Capital, Red Cat Holdings, Overmatch Ventures",Seed,https://www.prnewswire.com/news-releases/firestorm-labs-announces-12-5m-in-seed-funding-led-by-lockheed-martin-ventures-and-other-prominent-defense-vcs-302095517.html,Unmanned Aerial Vehicles (UAVs),Seed,12500000,2024-03-21,Firestorm,Firestorm – Seed,Platform Systems
"Lux Capital, Altman Capital, Haystack VC, Sunflower Capital, Humba Ventures, Also Capital, Forward Deployed VC, Abstract Ventures",Early Stage Venture,https://www.businessinsider.com/startup-conductor-ai-raises-vc-funding-lux-capital-2025-4,Defense Software,Series A,15000000,2025-04-11,Conductor AI,Conductor AI – Series A,Software & IT Services
"Moore Strategic Ventures, AE Industrial Partners, Artis Venture, 8VC, Gula Tech Adventures, Abstract Ventures, Pallas Ventures, Gaingels, Kleiner Perkins",Early Stage Venture,https://www.secondfront.com/resources/news/second-front-systems-raises-32-million-series-a/,Defense Software,Series A,32000000,2022-12-07,Second Front Systems,Second Front Systems – Series A,Software & IT Services
"Disruptive, Point72 Ventures",Late Stage Venture,https://shield.ai/shield-ai-raises-210-million-series-d-round/,Data Analytics & AI,Series D,210000000,2021-08-24,Shield AI,Shield AI – Series D,Software & IT Services
"General Catalyst, XYZ Ventures, Human Capital, Box Group, Overmatch Ventures, Haystack VC",Early Stage Venture,https://www.businesswire.com/news/home/20240418799842/en/Nominal-Emerges-From-Stealth-With-Backing-From-General-Catalyst-Lux-Capital-Founders-Fund-for-Navigating-Mission-Critical-Data-Analytics,Defense Software,Series A,20000000,2024-04-22,Nominal,Nominal – Series A,Software & IT Services
"Red Cell Partners, Snowpoint, Octave, Moonshots Capital, IronGate Capital, TR Aeroventures, Marlinspike",Miscellaneous,https://www.prnewswire.com/news-releases/red-6-raises-7-million-in-safe-round-led-by-red-cell-snowpoint-and-octave-301237031.html,Training & Simulation,SAFE,7000000,2021-03-01,Red 6,Red 6 – SAFE,Support & Services
"The Schmidt Family Foundation, Capricorn",Early Stage Venture,https://www.prnewswire.com/news-releases/saildrone-inc-raises-60-million-in-series-b-funding-to-scale-its-global-fleet-of-wind-powered-ocean-sailing-drones-and-accelerate-its-international-expansion-300647270.html,Maritime Systems,Series B,60000000,2018-05-15,Saildrone,Saildrone – Series B,Platform Systems
"Insight Partners, Venrock, Innovation Endeavors, Declaration Partners, Lupa Systems",Early Stage Venture,https://www.axios.com/2021/09/15/rebellion-defense-raises-150-million-billion-valuation,Defense Software,Series B,150000000,2021-09-15,Rebellion Defense,Rebellion Defense – Series B,Software & IT Services
"Snowpoint, Baillie Gifford, Google Ventures",Early Stage Venture,https://www.prnewswire.com/news-releases/autonomous-flight-company-merlin-labs-raises-105m-series-b-announces-partnership-with-usaf-301585960.html,Military Aircraft,Series B,105000000,2022-07-13,Merlin Labs,Merlin Labs – Series B,Platform Systems
"General Catalyst, Andreessen Horowitz (a16z), Founders Fund",Early Stage Venture,https://www.generalcatalyst.com/stories/investing-in-defense,,Series B,0,2019-10-03,Anduril Industries,Anduril Industries – Series B,Software & IT Services
M12,Early Stage Venture,https://www.businesswire.com/news/home/20240711885904/en/Armada-Announces-40M-in-Strategic-Funding-Round-Led-by-M12,Data Analytics & AI,Strategic,40000000,2024-07-11,Armada,Armada – Strategic,Software & IT Services
"RTX Ventures, Construct Capital, WCM Investment Management, Bracket Capital, Shrug Capital, Lux Capital, Andreessen Horowitz (a16z), Founders Fund, Silent Venture, Caffeinated Capital, Tru Arrow",Early Stage Venture,https://fortune.com/2024/10/29/hadrian-autonomous-factory-startup-andreessen-horowitz-new-cfo/,Manufacturing Support,Series B,117000000,2024-02-21,Hadrian,Hadrian – Series B,Support & Services
"Andreessen Horowitz (a16z), Founders Fund",Late Stage Venture,https://www.bloomberg.com/news/articles/2020-07-01/anduril-startup-backed-by-peter-thiel-is-valued-at-1-9-billion?cmpid%3D=socialflow-twitter-tech&embedded-checkout=true,,Series C,200000000,2020-07-01,Anduril Industries,Anduril Industries – Series C,Software & IT Services
"CRV, Upfront, 8VC, Toyota Ventures, Point72 Ventures, Mirae Asset Capital, Outsiders Fund, GSBackers, Andreessen Horowitz (a16z), Shield Capital, J2 Ventures, Ravelin, Baiju Bhatt, Avalon Capital Group, XYZ Ventures",Early Stage Venture,https://www.prnewswire.com/news-releases/apex-raises-95m-in-series-b-funding-to-increase-productized-satellite-bus-manufacturing-302170161.html,Military Satellites,Series B,95000000,2024-06-12,Apex Space,Apex Space – Series B,Space Systems
"Inflection, Lunar Ventures",Seed,https://techcrunch.com/2024/07/25/lodestars-robotic-arm-is-an-orbital-first-responder-for-satellites-in-need/,"Maintenance, Repair, and Overhaul (MRO)",Pre-Seed,2500000,2024-07-25,Lodestar,Lodestar – Pre-Seed,Support & Services
"Star Castle VC, Raytheon, Draper Associates, Goff Capital, Cathexis Ventures, Plains VC, Victorum Capital, Stellar Ventures, Capital Factory, Echo Investments, Hemisphere Ventures, Point Bridge Capital",Early Stage Venture,https://www.linkedin.com/posts/firehawk-aerospace_firehawks-rocket-engines-and-3d-printed-activity-6980880586185863168-uaba/,Missiles & Guided Munitions,Series B,17800000,2022-09-27,Firehawk Aerospace,Firehawk Aerospace – Series B,Weapon Systems
"JumpStart Ventures, Advanced Manufacturing Fund, The Castellini Management Company",Early Stage Venture,https://www.prnewswire.com/news-releases/actionstreamer-raises-series-a-funding-to-accelerate-platform-development-302053764.html,Communication Equipment,Series A,2400000,2024-02-06,ActionStreamer,ActionStreamer – Series A,Electronic Systems
"Elad Gil, Andreessen Horowitz (a16z), 8VC, Founders Fund, General Catalyst, Lux Capital, Valor Equity, D1 Capital Partners",Late Stage Venture,https://blog.anduril.com/anduril-raises-450-million-in-series-d-funding-671f0a27876b,,Series D,450000000,2021-06-17,Anduril Industries,Anduril Industries – Series D,Software & IT Services
"Founders Fund, Mark Cuban, Y Combinator, Caffeinated Capital, Thiel Capital, Jordan Noone, James Park",Seed,https://www.cnbc.com/2021/04/20/regent-raises-9-million-for-flying-ferries-with-180-mph-top-speed.html,Maritime Systems,Seed,9000000,2021-04-20,REGENT,REGENT – Seed,Platform Systems
,,,,,,,, – ,
"Starship Ventures, Draper Startup House",Seed,https://www.businessinsider.com/how-poseidon-plans-disrupt-logistics-with-uncrewed-sea-glider-2025-4,Maritime Systems,Pre-Seed,1400000,2025-01-31,Poseidon Aerospace,Poseidon Aerospace – Pre-Seed,Platform Systems
"Levitate Capital, Homebrew, Shasta Ventures, Lemnos",Seed,https://qz.com/1163960/delivery-drone-startup-elroy-air-announces-4-6-million-in-seed-funding-to-take-to-the-skies,,Seed,4600000,2017-12-22,Elroy Air,Elroy Air – Seed,
"Linse Capital, Andreessen Horowitz (a16z), Next47, IVP, DoCoMo, NVIDIA, UP.Partners, Hercules Capital, Axon",Late Stage Venture,https://www.skydio.com/blog/skydio-raises-230-million-series-e-funding-round,Unmanned Aerial Vehicles (UAVs),Series E,230000000,2023-02-27,Skydio,Skydio – Series E,Platform Systems
"Munich Re Ventures, Toyota Ventures, PSL Ventures, NFX, MaC Venture Captial",Early Stage Venture,https://www.geekwire.com/2023/starfish-space-14m-otter/,Military Satellites,Series A,14000000,2023-03-08,Starfish Space,Starfish Space – Series A,Space Systems
"Capitol Meridian Partners, True Ventures, 3Wire Partners, Teamworthy Ventures",Miscellaneous,https://www.prnewswire.com/news-releases/parry-labs-raises-80-million-from-capitol-meridian-partners-true-ventures-and-other-technology-investors-302232842.html,Defense Software,Strategic,80000000,2024-08-28,Parrylabs,Parrylabs – Strategic,Software & IT Services
"8090 Industries, Stride Capital, Industrious Ventures, Lockheed Martin Ventures, Tribe Capital, Good Growth Capital, Massive Capital Partners",Early Stage Venture,https://www.orbitfab.com/news/series-a/,Military Satellites,Series A,28500000,2023-04-17,Orbit Fab,Orbit Fab – Series A,Space Systems
"NewSpace Capital, GOOSE Capital, NOVA, 212, Convergent Ventures, TiE Angels",Early Stage Venture,https://spacenews.com/with-new-funding-fibrecoat-targets-space-and-defense-markets/,Advanced Materials,Series B,20560000,2024-12-05,FibreCoat,FibreCoat – Series B,Support & Services
"Bob Bishop, Explorer 1, Elevate Ventures, Specific Impulse Capital",Early Stage Venture,https://www.businesswire.com/news/home/20220426005173/en/Adranos-Closes-%2420-Million-Series-A-Round,Missiles & Guided Munitions,Series A,20000000,2022-04-26,Adranos Energetics,Adranos Energetics – Series A,Weapon Systems
"Addition, Steadfast Capital, Sands Capital, J2 Ventures, Crumpton Ventures, Amplify, Lux Capital, DCVC, Section 32, Bloomberg Beta, Avalon Capital Group",Late Stage Venture,https://primer.ai/news/primer-raises-110m-series-c-to-accelerate-nlp-solutions-for-government-and-commercial-organizations/,Data Analytics & AI,Series C,110000000,2021-06-22,Primer,Primer – Series C,Software & IT Services
"NFX, MaC Venture Captial, PSL Ventures, Boost VC, Liquid2 Ventures, Hypothesis",Seed,https://www.prnewswire.com/news-releases/starfish-space-raises-7m-to-develop-the-otter-space-tug-301386463.html,Military Satellites,Seed,7000000,2021-09-28,Starfish Space,Starfish Space – Seed,Space Systems
"Khosla Ventures, Caffeinated Capital, Lux Capital, General Catalyst, Founders Fund",Early Stage Venture,https://blog.varda.com/p/varda-raises-42mm-series-a-to-build,Manufacturing Support,Series A,42000000,2021-07-28,Varda,Varda – Series A,Support & Services
Lockheed Martin Ventures,Miscellaneous,https://www.prnewswire.com/news-releases/red-6-secures-investment-from-lockheed-martin-ventures-301079548.html,Training & Simulation,Strategic,0,2020-06-18,Red 6,Red 6 – Strategic,Support & Services
"L3Harris, Hanwha Aerospace, U.S. Innovative Technology Fund, Andreessen Horowitz (a16z), Washington Harbour Partners",Late Stage Venture,https://www.prnewswire.com/news-releases/shield-ai-raises-240m-at-5-3b-valuation-to-scale-hivemind-enterprise-an-ai-powered-autonomy-developer-platform-302393843.html,Data Analytics & AI,Undisclosed,240000000,2025-03-06,Shield AI,Shield AI – Undisclosed,Software & IT Services
8090 Industries,Miscellaneous,https://spacenews.com/orbit-fab-secures-new-investor-to-support-satellite-refueling-efforts/,Military Satellites,Strategic,0,2022-10-25,Orbit Fab,Orbit Fab – Strategic,Space Systems
"Eurazeo, Frst, Expeditions Fund",Seed,https://medium.com/@comand.ai/comand-ai-raises-8-5m-to-bring-decisive-military-superiority-to-france-and-its-allies-8a6ded3bbbff,Defense Software,Seed,8800000,2024-12-16,Comand AI,Comand AI – Seed,Software & IT Services
SAIC,Miscellaneous,https://www.linkedin.com/posts/proteus-space_aerospaceinnovation-ai-satellitetechnology-activity-7254431810753835008-clyY?utm_source=share&utm_medium=member_desktop&rcm=ACoAAAk_HOUBVRuNQld075fZp5ULmiAqfOZvVhM,Military Satellites,Strategic,0,2024-10-22,Proteus Space,Proteus Space – Strategic,Space Systems
"645 Ventures, Squadra Ventures, General Advance, First In",Early Stage Venture,https://shift5.io/announcing-shift5s-series-a-funding/,Cybersecurity Solutions,Series A,20000000,2021-10-12,Shift5,Shift5 – Series A,Software & IT Services
Hedosophia,Late Stage Venture,https://www.prnewswire.com/news-releases/divergent-technologies-announces-160-million-series-c-funding-301532351.html,Manufacturing Support,Series C,160000000,2022-04-25,Divergent Technologies,Divergent Technologies – Series C,Support & Services
"Aleph, Group 11",Seed,,Cybersecurity Solutions,Pre-Seed,21000000,,Dream Security,Dream Security – Pre-Seed,Software & IT Services
Sequoia Capital,Seed,https://www.sequoiacap.com/article/partnering-with-kela-modern-defense-for-israel-and-western-allies/,Defense Software,Seed,10000000,2024-05-01,Kela,Kela – Seed,Software & IT Services
"Lux Capital, Andreessen Horowitz (a16z), Lachy Groom, Caffeinated Capital, Founders Fund, Construct Capital, 137 Ventures",Early Stage Venture,https://www.luxcapital.com/news/no-longer-tolerating-the-decline-of-american-industry,Manufacturing Support,Series A,90000000,2022-03-31,Hadrian,Hadrian – Series A,Support & Services
"GOOSE Capital, Phoenix Venture Partners, b.value, TiE Angels, NOVA",Early Stage Venture,https://fibrecoat.de/fibrecoat-closes-first-financing-round/,Advanced Materials,Series A,3000000,2021-11-17,FibreCoat,FibreCoat – Series A,Support & Services
XYZ Ventures,Seed,https://www.businesswire.com/news/home/20220110005262/en/TurbineOne-Raises-%243-Million-to-Deliver-to-Ground-Forces-the-Information-They-Need-to-Navigate-Dangerous-Environments,Data Analytics & AI,Seed,3000000,2022-01-10,TurbineOne,TurbineOne – Seed,Software & IT Services
"Founders Fund, XYZ Ventures, Human Capital",Seed,https://www.wraithwatch.com/post/adapt-or-die-generative-ai-the-revolution-of-american-cyber-defense,Cybersecurity Solutions,Seed,8000000,2023-11-03,Wraithwatch,Wraithwatch – Seed,Space Systems
"Costanoa Ventures, Point72 Ventures, General Catalyst, Shield Capital",Early Stage Venture,https://www.prnewswire.com/news-releases/vannevar-labs-announces-12m-series-a-funding-round-301362871.html,Defense Software,Series A,12000000,2021-08-25,Vannevar Labs,Vannevar Labs – Series A,Software & IT Services
"Addition, U.S. Innovative Technology Fund",Late Stage Venture,https://primer.ai/news/primer-announces-69m-in-funding-to-accelerate-ai-enabled-information-advantage/,Data Analytics & AI,Series D,69000000,2023-06-14,Primer,Primer – Series D,Software & IT Services
"Shield Capital, Tech Square Ventures, Humba Ventures, Leo Polovets, Space VC, Radius Capital",Seed,https://danti.ai/danti-raises-5m-to-deploy-its-ai-data-analyst/,Data Analytics & AI,Seed,5000000,2024-05-02,Danti,Danti – Seed,Software & IT Services
"Silicon Valley Bank, Riot Ventures",Early Stage Venture,https://web.archive.org/web/20210124051459/https://www.shield.ai/content/2019/8/13/on-reaching-new-milestones,Data Analytics & AI,Series B,0,2019-08-13,Shield AI,Shield AI – Series B,Software & IT Services
"Lamphere Capital, Outlander VC, Nue Capital, Emerging Ventures",Seed,https://pulse2.com/shift5-2-5-million-funding/,Cybersecurity Solutions,Seed,2500000,2019-09-18,Shift5,Shift5 – Seed,Software & IT Services
"Prime Movers Lab, Draper Associates, Boost VC, Saturn Five, X-Factor Ventures",Seed,https://www.venusaero.com/venus-aerospace-closes-on-3-million-in-seed-funding/,Military Aircraft,Seed,3000000,2021-03-03,Venus Aerospace,Venus Aerospace – Seed,Platform Systems
"Change Ventures, Silicon Roundabout Ventures",Seed,https://siliconcanals.com/origin-robotics-secures-e4m-in-pre-seed-funding/,Unmanned Aerial Vehicles (UAVs),Pre-Seed,2600000,2024-10-28,Origin Robotics,Origin Robotics – Pre-Seed,Platform Systems
"Vy Capital US, Sequoia Capital, Interlagos, D3, Keller Rinaudo Cliffton",Early Stage Venture,https://medium.com/@sorenma/neros-raises-35m-series-a-to-accelerate-american-drone-manufacturing-be1aa3e1a4d4,Unmanned Aerial Vehicles (UAVs),Series A,35000000,2025-03-17,Neros,Neros – Series A,Platform Systems
"General Catalyst, Saab",Early Stage Venture,https://helsing.ai/newsroom/helsing-raises-euro209m-series-b-to-bolster-defence-ai-capabilities-for-democracies,Data Analytics & AI,Series B,223000000,2023-09-13,Helsing,Helsing – Series B,Software & IT Services
"A*, Andreessen Horowitz (a16z), ex/ante, Costanoa Ventures, XYZ Ventures, Point72 Ventures, Forward Deployed VC, Karman Ventures",Early Stage Venture,https://www.businesswire.com/news/home/20240418101671/en/Cape-Raises-61M-to-Build-Ultra-Private-and-Secure-Mobile-Carrier,Communication Equipment,Undisclosed,61000000,2024-04-18,Cape,Cape – Undisclosed,Electronic Systems
"Y Combinator, Nat Friedman, Index Ventures, Founders Fund, Coatue, Thrive Capital, Spark Capital, NVIDIA, Tiger Global Management, Greenoaks, Wellington Management, Cisco Investments, DFJ Growth, Intel Capital, ServiceNow Ventures, WCM Investment Management, Amazon, Elad Gil, AMD Ventures, Qualcomm Ventures",Late Stage Venture,https://scale.com/blog/scale-ai-series-f,Data Analytics & AI,Series F,1000000000,2024-05-21,Scale AI,Scale AI – Series F,Software & IT Services
"RedBird Capital Partners, Alpha Edison, AEI HorizonX, Lockheed Martin Ventures, Accelerator Investments, Washington Harbour Partners, M-Cor Holdings, Moonshots Capital, IronGate Capital, State of Florida Opportunity Fund, Alumni Ventures, Alliance Holdings, Alcazar Capital, Downey Labs",Early Stage Venture,https://www.prnewswire.com/news-releases/red-6-completes-70-million-series-b-fundraising-to-amplify-augmented-reality-technology-designed-for-military-training-301840465.html,Training & Simulation,Series B,70000000,2023-06-01,Red 6,Red 6 – Series B,Support & Services
Khosla Ventures,Early Stage Venture,https://www.rocketlabusa.com/updates/rocket-lab-secures-a-round-funding-from-khosla-ventures/,Launch Services,Series A,0,2013-10-01,Rocket Lab,Rocket Lab – Series A,Space Systems
"IVP, Playground, NVIDIA, Accel, Kevin Durant",Early Stage Venture,https://techcrunch.com/2018/02/13/skydios-2499-self-flying-drone-knows-where-you-are-and-where-youre-going/,Unmanned Aerial Vehicles (UAVs),Series B,42000000,2018-02-01,Skydio,Skydio – Series B,Platform Systems
"Israel Growth Partners, Vertex Ventures, Vertex Growth",Late Stage Venture,https://d-fendsolutions.com/press_releases/d-fend-solutions-raises-31m-to-fortify-cyber-counter-drone-technology-and-market-leadership/,Electronic Warfare Systems,Series C,31000000,2024-12-04,D-Fend Solutions,D-Fend Solutions – Series C,Electronic Systems
"8VC, Andreessen Horowitz (a16z)",Seed,https://www.forbes.com/sites/davidjeans/2024/06/06/secret-electronic-warfare-startup-a16z-8vc/,Electronic Warfare Systems,Seed,15000000,2024-06-06,CX2,CX2 – Seed,Electronic Systems
"Initialized Capital, Starburst Ventures, Credo Ventures, Giant Step Capital, Domino Ventures, Alumni Ventures",Seed,https://picogrid.com/newsroom/picogrid-raises-12m-seed-round-to-connect-defense-systems,Defense Software,Seed,12000000,2024-03-26,Picogrid,Picogrid – Seed,Software & IT Services
" Bain Capital Ventures, Group 11, Tru Arrow, Tau Capital, Aleph",Early Stage Venture,https://www.businesswire.com/news/home/20250217135636/en/Dream-the-First-AI-Company-for-National-Cybersecurity-Raises-100M-to-Defend-Nations-and-Critical-Infrastructure,Cybersecurity Solutions,Series B,100000000,2025-02-17,Dream Security,Dream Security – Series B,Software & IT Services
"JME Ventures, Kfund, GoHub Ventures",Seed,https://www.xrf.ai/newsroom/xrf-secures-e2-3-million-to-accelerate-ai-and-xr-development-for-defense-and-security/,Training & Simulation,Undisclosed,2500000,2024-09-26,XRF.ai,XRF.ai – Undisclosed,Support & Services
"Snowpoint, Riot Ventures, Disruptive, Homebrew",Late Stage Venture,https://shield.ai/shield-ai-boosts-series-e/,Data Analytics & AI,Series E,150000000,2022-12-14,Shield AI,Shield AI – Series E,Software & IT Services
"Aero X Ventures, Lux Capital, BOKA Group, Starburst Ventures, Cameron Winklevoss, Tyler Winklevoss",Early Stage Venture,https://www.reuters.com/markets/deals/wozniaks-space-firm-privateer-buys-orbital-insight-raises-565-million-2024-05-06/,Space-based Sensors & ISR,Series A,56500000,2024-04-17,Privateer,Privateer – Series A,Space Systems
"NightDragon, DCVC, Cota Capital",Late Stage Venture,https://www.capellaspace.com/press-releases/capella-space-closes-97m-series-c-financing-round-to-meet-exponential-customer-demand-for-its-radar-powered-high-quality-satellite-imagery-and-intelligence,Space-based Sensors & ISR,Series C,97000000,2022-04-25,Capella Space,Capella Space – Series C,Space Systems
"DFJ Growth, Booz Allen Ventures, Revolution Growth, Costanoa Ventures, Washington Harbour Partners, Veteran Ventures, Founders Circle Capital",Late Stage Venture,https://www.hiddenlevel.com/thought-leadership/hidden-level-secures-100m-to-advance-national-security,Radar Systems,Series C,65000000,2025-02-03,Hidden Level,Hidden Level – Series C,Electronic Systems
"Canaan Partners, Khosla Ventures, Bling Capital, Revolution's Rise of the Rest Seed Fund",Early Stage Venture,https://www.hermeus.com/press-release-series-a,Military Aircraft,Series A,16000000,2020-10-29,Hermeus,Hermeus – Series A,Platform Systems
"Andreessen Horowitz (a16z), J2 Ventures, Lux Capital, Village Global, XYZ Ventures",Seed,https://payloadspace.com/apex-space-emerges-from-stealth-with-a16z-led-7-5m-seed-round/,Military Satellites,Seed,7500000,2022-10-24,Apex Space,Apex Space – Seed,Space Systems
Point72 Ventures,Late Stage Venture,https://shield.ai/shield-ai-raises-90-million-series-c-funding-point72-ventures-and-other-investors/,Data Analytics & AI,Series C,90000000,2021-02-23,Shield AI,Shield AI – Series C,Software & IT Services
"Crosslink, Razor’s Edge, Lockheed Martin Ventures, Broom Ventures",Early Stage Venture,https://www.prnewswire.com/news-releases/x-bow-systems-leading-3d-printed-solid-rocket-motor-company-raises--27m-series-a-round-301533123.html,Missiles & Guided Munitions,Series A,27000000,2022-04-26,X-Bow,X-Bow – Series A,Weapon Systems
Lockheed Martin Ventures,Late Stage Venture,https://www.he360.com/hawkeye-360-closes-additional-10-million-in-series-d-1-funding-from-lockheed-martin-ventures-and-company-insiders/,Space-based Sensors & ISR,Strategic,10000000,2023-10-18,HawkEye 360,HawkEye 360 – Strategic,Space Systems
"Squadra Ventures, Shield Capital, L3Harris Technologies, Bridger Aerospace, Portland Seed Fund",Early Stage Venture,https://www.overwatchimaging.com/post/series-a-funding,Radar Systems,Series A,11000000,2022-04-05,Overwatch Imaging,Overwatch Imaging – Series A,Electronic Systems
"XYZ Ventures, Point72 Ventures, Andreessen Horowitz (a16z)",Seed,https://www.businesswire.com/news/home/20250226366515/en/Rune-Technologies-Raises-6.2M-in-Seed-Funding-to-Modernize-Military-Logistics,Defense Software,Seed,6200000,2025-02-26,Rune Technologies,Rune Technologies – Seed,Software & IT Services
"Silent Venture, Quiet Capital",Seed,https://x.com/SilentVentures/status/1894107786315010444,Defense Software,Undisclosed,0,2025-02-24,Sandtable,Sandtable – Undisclosed,Software & IT Services
"Riot Ventures, Disruptive, Snowpoint, ARK Invest, U.S. Innovative Technology Fund",Late Stage Venture,https://shield.ai/shield-ai-raises-additional-capital-in-series-f-boosts-total-amount-to-500m/,Data Analytics & AI,Series F,300000000,2023-12-29,Shield AI,Shield AI – Series F,Software & IT Services
"Founders Fund, Mark Cuban, The Westly Group, Y Combinator, Justin Kan",Early Stage Venture,https://techcrunch.com/2018/08/20/safety-and-inspection-bot-startup-gecko-robotics-adds-7-million-to-the-coffers/,"Maintenance, Repair, and Overhaul (MRO)",Series A,7000000,2018-08-20,Gecko Robotics,Gecko Robotics – Series A,Support & Services
"Razor’s Edge, Allied Minds",Early Stage Venture,https://globalventuring.com/university/hawkeye-enters-11m-series-a-orbit/,Space-based Sensors & ISR,Series A,11000000,2016-11-23,HawkEye 360,HawkEye 360 – Series A,Space Systems
"DCVC, Promus Ventures, Bessemer Venture Partners, K1W1 investment fund, Khosla Ventures",Late Stage Venture,https://www.rocketlabusa.com/updates/series-d-financing/,Launch Services,Series D,75000000,2017-03-22,Rocket Lab,Rocket Lab – Series D,Space Systems
"Sequoia Capital, Lux Capital",Early Stage Venture,https://dcahn.substack.com/p/partnering-with-kela-modern-defense?publication_id=2883399&post_id=159257060&isFreemail=true&r=9t47&triedRedirect=true,Defense Software,Series A,29000000,2025-03-17,Kela,Kela – Series A,Software & IT Services
"8VC, Silent Venture, Moonshots Capital, Timeless Partners, Banter Capital",Seed,https://www.prnewswire.com/news-releases/gallatin-emerges-from-stealth-with-15m-seed-investment-to-transform-defense-logistics-302422537.html,Logistics & Supply Chain,Seed,15000000,2025-04-08,Gallatin,Gallatin – Seed,Support & Services
"Cantos, Andreessen Horowitz (a16z), AE Ventures, Hummingbird Ventures, Box Group",Seed,https://www.businesswire.com/news/home/20241001351008/en/Salient-Motion-Raises-%2412-Million-to-Scale-Motion-Control-Business,Manufacturing Support,Seed,12000000,2024-10-01,Salient Motion,Salient Motion – Seed,Support & Services
"Moonshots Capital, Lavrock Ventures, The Veteran Fund, Mana Ventures, AIN Ventures, Capital Factory, Industrious Ventures",Seed,https://www.einpresswire.com/article/660702526/proteus-space-raises-4-2-million-and-opens-rapid-satellite-facility-in-la,Military Satellites,Seed,4200000,2023-10-10,Proteus Space,Proteus Space – Seed,Space Systems
"Airbus, Esri, Razor’s Edge, Allied Minds, Shield Capital",Early Stage Venture,https://www.he360.com/hawkeye-360-secures-70-million-in-series-b-financing/,Space-based Sensors & ISR,Series B,70000000,2019-08-06,HawkEye 360,HawkEye 360 – Series B,Space Systems
"Razor’s Edge, Boeing Ventures, Lockheed Martin Ventures, Crosslink, Balerion Space Ventures",Early Stage Venture,https://www.prnewswire.com/news-releases/x-bow-raises-more-than-70-million-series-b-to-accelerate-expansion-of-hypersonic-and-solid-rocket-motor-technologies-302193599.html,Missiles & Guided Munitions,Series B,70000000,2024-07-10,X-Bow,X-Bow – Series B,Weapon Systems
"Eclipse, Riot Ventures, Champion Hill Ventures, Space VC, Narya",Early Stage Venture,https://www.prnewswire.com/news-releases/true-anomaly-emerges-from-stealth-to-revolutionize-space-security-stability-and-sustainability-301791297.html,Military Satellites,Series A,17000000,2023-04-06,True Anomoly,True Anomoly – Series A,Space Systems
"Google Ventures, First Round Capital",Early Stage Venture,https://www.prnewswire.com/news-releases/merlin-labs-announces-25m-funding-round-and-partnership-to-bring-autonomy-to-55-aircraft-fleet-301300079.html,Military Aircraft,Series A,25000000,2021-05-26,Merlin Labs,Merlin Labs – Series A,Platform Systems
"Human Capital, 9Yards Capital, Caffeinated Capital",Early Stage Venture,https://www.onebrief.com/content-hub/onebrief-secures-53m-to-build-the-future-of-military-staffs,Defense Software,Series B,53000000,2024-12-11,Onebrief,Onebrief – Series B,Software & IT Services
"Lockheed Martin Ventures, Marlinspike Capital, Prosperity7 Ventures, Catapult Ventures, DiamondStream Partners, Side X Side Management, Shield Capital Partners, Precursor Ventures",Early Stage Venture,https://elroyair.com/company/news/press-releases/elroy-series-a-financing/,,Series A,40000000,2021-08-03,Elroy Air,Elroy Air – Series A,
"DCVC, Comcast, Partnership Fund for New York City, Rackhouse Venture Capital, AI Grant, Y Combinator",Early Stage Venture,https://www.prnewswire.com/news-releases/deepfake-detection-platform-reality-defender-secures-15-million-in-series-a-funding-led-by-dcvc-301958923.html,Cybersecurity Solutions,Series A,15000000,2023-10-17,Reality Defender,Reality Defender – Series A,Software & IT Services
AE Industrial Partners,Early Stage Venture,https://fireflyspace.com/news/ae-industrial-partners-leads-75-million-series-b-growth-equity-investment-in-firefly-aerospace-a-leading-provider-of-launch-and-in-space-vehicles/,Launch Services,Series B,75000000,2022-04-19,Firefly,Firefly – Series B,Space Systems
"R42 Group, Good Growth Capital, Tanis Ventures, Helen Greiner, Ed Roberts, Backstage Capital",Early Stage Venture,https://bounceimaging.com/2022-5-2-bounce-imaging-raises-4-2-million-series-a-prime-round-adds-former-pentagon-chief-to-board/,Radar Systems,Series A,4200000,2022-05-02,Bounce Imaging,Bounce Imaging – Series A,Electronic Systems
"Costanoa Ventures, Scout Ventures, Sam Altman, JetBlue Ventures",Early Stage Venture,https://www.prnewswire.com/news-releases/beacon-ai-secures-15m-in-series-a-funding-to-bring-ai-into-flight-decks-302275720.html,Defense Software,Series A,15000000,2024-10-15,Beacon AI,Beacon AI – Series A,Software & IT Services
"General Catalyst, Founders Fund, 8VC",Seed,https://web.archive.org/web/20210414015255/https://www.wired.com/story/palmer-luckey-anduril-border-wall/,,Seed,17500000,2017-06-01,Anduril Industries,Anduril Industries – Seed,Software & IT Services
"XN, Alsop Louie Partners, Explorer 1, Dolby Family Ventures, Alpha Edison, Space Capital, Harpoon Ventures",Late Stage Venture,https://www.ursamajor.com/media/press-release/ursa-major-raises-usd85-million-in-series-c-funding,Missiles & Guided Munitions,Series C,85000000,2021-12-07,Ursa Major,Ursa Major – Series C,Weapon Systems
"Axon, Aqton Partners, Menlo Ventures, Felicis Ventures, Target Partners, TempoCap, John Chambers",Late Stage Venture,https://www.dedrone.com/press/dedrone-secures-30-5-million-series-c-to-protect-airspace-against-unauthorized-drones,Electronic Warfare Systems,Series C,30500000,2021-12-17,Dedrone,Dedrone – Series C,Electronic Systems
"Moore Strategic Ventures, XYZ Ventures, Hedosophia, Standard Investments, Enlightenment Capital, Crescent Cove Advisors, Four More Capital",Early Stage Venture,https://www.forterra.com/posts/forterra-raises-75-million-series-b,Unmanned Ground Vehicles (UGVs),Series B,75000000,2024-09-10,Forterra,Forterra – Series B,Platform Systems
"Lux Capital, Andreessen Horowitz (a16z), General Catalyst, Bilal Zuberi",Late Stage Venture,https://www.prnewswire.com/news-releases/applied-intuition-raises-125m-series-c-from-existing-investors-lux-capital-andreessen-horowitz-and-general-catalyst-301159996.html,Defense Software,Series C,125000000,2020-10-27,Applied Intuition,Applied Intuition – Series C,Software & IT Services
"Shanghai Alliance , Altran Technologies",Early Stage Venture,https://www.businesswire.com/news/home/20171121006158/en/Divergent-3D-Announces-Series-B-and-Related-Funding,Manufacturing Support,Series B,65000000,2017-11-21,Divergent Technologies,Divergent Technologies – Series B,Support & Services
"1789 Capital, Draper Associates, BOKA Group",Late Stage Venture,https://www.forbes.com/sites/davidjeans/2025/01/06/trump-jr-1789-capital-firehawk/,Missiles & Guided Munitions,Series C,60000000,2025-01-06,Firehawk Aerospace,Firehawk Aerospace – Series C,Weapon Systems
"Seven Seven Six, Aurelia Foundry, Gaingels, Liquid2 Ventures, Shasta Ventures",Seed,https://www.interlune.space/press-release/space-resources-startup-interlune-raises-18-million-in-seed-capital,Logistics & Supply Chain,Seed,18000000,2024-03-13,Interlune,Interlune – Seed,Support & Services
"Quiet Capital, Silent Venture, LMNT Ventures, Soma Capital",Seed,https://techcrunch.com/2024/08/19/swarmbiotics-founders-grew-obsessed-with-robot-swarms-and-now-plan-to-bring-them-to-the-battlefield/,Unmanned Ground Vehicles (UGVs),Undisclosed,4000000,2024-08-19,Swarmbotics AI,Swarmbotics AI – Undisclosed,Platform Systems
SNC,Late Stage Venture,https://www.businesswire.com/news/home/20240227589814/en/World-View-Secures-Strategic-Series-D-Funding-Led-by-SNC,Space-based Sensors & ISR,Series D,0,2024-02-27,World View,World View – Series D,Space Systems
"Andreessen Horowitz (a16z), Shield Capital",Early Stage Venture,https://www.businesswire.com/news/home/20230622417907/en/Apex-Raises-16M-in-Series-A-Funding-and-Reveals-Customers-Flying-on-its-First-Aries-Satellite-Bus,Military Satellites,Series A,16000000,2023-06-22,Apex Space,Apex Space – Series A,Space Systems
"Sam Altman, Founders Fund, In-Q-Tel, Khosla Ventures, Canaan Partners, Bling Capital, Revolution's Rise of the Rest Seed Fund",Early Stage Venture,https://www.hermeus.com/press-release-series-b,Military Aircraft,Series B,100000000,2022-03-10,Hermeus,Hermeus – Series B,Platform Systems
"Airbus, AEI HorizonX, GPVC, Stellar Ventures, Industrious Ventures",Seed,https://www.businesswire.com/news/home/20221011005573/en/Airbus-Ventures-Leads-Solestial%E2%80%99s-Oversubscribed-10M-Seed-Round,Power & Energy Systems,Seed,10000000,2022-10-11,Solestial,Solestial – Seed,Support & Services
"Tanis Venture Management, Virginia Tech Carilion Innovation Fund, Mill Town Capital, Virginia Tech Carilion Seed Fund, Cavalier Angels, Charlottesville Angel Network",Miscellaneous,https://www.businesswire.com/news/home/20201221005171/en/Dive-Technologies-Closes-on-New-Equity-Financing-Round-to-Deliver-on-2021-Commercial-and-Defense-Opportunities,Maritime Systems,Undisclosed,4000000,2020-12-21,Dive Technologies,Dive Technologies – Undisclosed,Platform Systems
"8VC, Point72 Ventures, Overmatch Ventures, Shasta Ventures, Ascend, Osage University Partners, Caprock",Early Stage Venture,https://www.overland.ai/news/overland-ai-raises-32m-in-series-a-to-transform-ground-operations-for-defense,Unmanned Ground Vehicles (UGVs),Series A,32000000,2025-01-22,Overland,Overland – Series A,Platform Systems
"Crosslink, Razor’s Edge, Lockheed Martin Ventures, Balerion Space Ventures, Bravo Victor Venture Capital, Capital Factory",Miscellaneous,https://www.prnewswire.com/news-releases/x-bow-systems-closes-funding-from-lockheed-martin-ventures-and-company-insiders-301991355.html,Missiles & Guided Munitions,Strategic,0,2023-11-16,X-Bow,X-Bow – Strategic,Weapon Systems
"Accel, 8VC, Overmatch Ventures, Lerner Enterprises",Early Stage Venture,https://www.businesswire.com/news/home/20241112876622/en/CHAOS-Industries-Raises-145-Million-Series-B-to-Accelerate-Defense-and-National-Security-Technology-Development,Radar Systems,Series B,145000000,2024-11-13,Chaos,Chaos – Series B,Electronic Systems
"BlueYard Capital, First In, Also Capital, Acequia Capital, Caffeinated Capital",Seed,https://anysignal.medium.com/anysignal-closes-seed-round-to-build-multi-domain-radio-platform-ab8aa6844bc8,Radar Systems,Seed,5000000,2023-10-16,AnySignal,AnySignal – Seed,Electronic Systems
"Manhattan Venture Partners, Insight Partners, NightDragon, Alumni Ventures, Strategic Development Fund, Razor’s Edge, Adage Capital",Late Stage Venture,https://www.he360.com/hawkeye-360-receives-58-million-in-series-d-1-funding-to-introduce-a-new-satellite-architecture-and-accelerate-data-science-efforts/,Space-based Sensors & ISR,Extension,58000000,2023-07-13,HawkEye 360,HawkEye 360 – Extension,Space Systems
"Founders Fund, Andreessen Horowitz (a16z), Lux Capital, Caffeinated Capital",Miscellaneous,https://amca.co/launch/,Manufacturing Support,Undisclosed,76000000,2025-04-08,AMCA,AMCA – Undisclosed,Support & Services
Prima Materia,Early Stage Venture,https://www.ft.com/content/fc69f2b8-8016-4833-a9e1-61154e4b25eb,Data Analytics & AI,Series A,118000000,2021-11-09,Helsing,Helsing – Series A,Software & IT Services
