Funded Rounds,Unique Companies,Unique Company Investments (all time),Fund,Website,Total Funded Rounds,Companies Funded
"Epirus – Series D, Saronic – Series B, HawkEye 360 – Series D, HawkEye 360 – Extension, Capella Space – Series C","Epirus, Saronic, HawkEye 360, Capella Space",4,NightDragon,,5,"Epirus, Saronic, HawkEye 360, HawkEye 360, Capella Space"
Union – Seed,Union,1,RKKVC,,1,Union
"Nominal – Series A, Neros – Seed, Salient Motion – Seed, Antares – Series A","Nominal, Neros, Salient Motion, Antares",4,Box Group,https://www.boxgroup.com/,4,"Nominal, Neros, Salient Motion, Antares"
Valstad – Pre-Seed,Valstad,1,10VC,,1,Valstad
"Dream Security – Series B, Dream Security – Series A, Dream Security – Pre-Seed",Dream Security,1,Group 11,,3,"Dream Security, Dream Security, Dream Security"
ActionStreamer – Series A,ActionStreamer,1,JumpStart Ventures,,1,ActionStreamer
Solideon – Pre-Seed,Solideon,1,10X Founders,,1,Solideon
Shield AI – Strategic,Shield AI,1,L3Harris,,1,Shield AI
"Second Front Systems – Seed, Second Front Systems – Series A, Conductor AI – Series A","Second Front Systems, Conductor AI",2,Abstract Ventures,https://www.abstractvc.com/,3,"Second Front Systems, Second Front Systems, Conductor AI"
"Air Space Intelligence – Series B, Scale AI – Series F, Capella Space – Series B","Air Space Intelligence, Scale AI, Capella Space",3,Spark Capital,,3,"Air Space Intelligence, Scale AI, Capella Space"
Schemata – Seed,Schemata,1,Owl Ventures,,1,Schemata
REGENT – Seed,REGENT,1,James Park,,1,REGENT
Union – Seed,Union,1,Regulus,,1,Union
"Deterrence – Seed, Gallatin – Seed, Antares – Series A, Andrenam – Seed","Deterrence, Gallatin, Antares, Andrenam",4,Banter Capital,https://bantercap.com/,4,"Deterrence, Gallatin, Antares, Andrenam"
CesiumAstro – Extension,CesiumAstro,1,Assembly Ventures,,1,CesiumAstro
"Fortem Technologies – Series A, Fortem Technologies – Undisclosed, Fortem Technologies – Seed",Fortem Technologies,1,Signia Venture Partners,,3,"Fortem Technologies, Fortem Technologies, Fortem Technologies"
"Vannevar Labs – Series B, Obviant – Undisclosed","Vannevar Labs, Obviant",2,Aloft VC,https://www.aloftvc.com/,2,"Vannevar Labs, Obviant"
Rebellion Defense – Series B,Rebellion Defense,1,Innovation Endeavors,,1,Rebellion Defense
"Antares – Seed, Antares – Series A",Antares,1,Uncommon Captial,,2,"Antares, Antares"
Vatn Systems – Seed,Vatn Systems,1,Blue Collective,,1,Vatn Systems
Epirus – Series C,Epirus,1,Parkwood,,1,Epirus
Skydio – Series B,Skydio,1,Kevin Durant,,1,Skydio
"Rocket Lab – Series A, Rocket Lab – Series B, Rocket Lab – Series D, Rocket Lab – Series E, Hermeus – Series A, Hermeus – Series B, Varda – Series A, Varda – Series B, Adyton – Undisclosed, Mach Industries – Series B","Rocket Lab, Hermeus, Varda, Adyton, Mach Industries",5,Khosla Ventures,https://www.khoslaventures.com/,10,"Rocket Lab, Rocket Lab, Rocket Lab, Rocket Lab, Hermeus, Hermeus, Varda, Varda, Adyton, Mach Industries"
"Firestorm – Seed, Mach Industries – Series A","Firestorm, Mach Industries",2,Marque Ventures,https://www.marque.vc/,2,"Firestorm, Mach Industries"
Saildrone – Series C,Saildrone,1,Social Capital,,1,Saildrone
"Apex Space – Series B, Cambium – Series A","Apex Space, Cambium",2,GSBackers,,2,"Apex Space, Cambium"
Red 6 – Series B,Red 6,1,Accelerator Investments,,1,Red 6
"Gecko Robotics – Series B, Gecko Robotics – Series A",Gecko Robotics,1,Justin Kan,,2,"Gecko Robotics, Gecko Robotics"
True Anomaly – Series C,True Anomaly,1,Meritech Capital,,1,True Anomaly
"X-Bow – Strategic, Union – Seed, X-Bow – Series B, Usul – Seed","X-Bow, Union, Usul",3,Bravo Victor Venture Capital,,4,"X-Bow, Union, X-Bow, Usul"
,,0,anduril,,0,
Paratus – Pre-Seed,Paratus,1,Work-Bench,,1,Paratus
REGENT – Series A,REGENT,1,Future Planet Capital,,1,REGENT
Forterra – Series B,Forterra,1,Four More Capital,,1,Forterra
Adyton – Undisclosed,Adyton,1,Leblon Capital,,1,Adyton
Firehawk Aerospace – Series B,Firehawk Aerospace,1,Plains VC,,1,Firehawk Aerospace
Aetherflux – Series A,Aetherflux,1,Vlad Tenev,,1,Aetherflux
Foundation Alloy – Undisclosed,Foundation Alloy,1,Material Impact,,1,Foundation Alloy
"Armada – Series A, Anduril Industries – Series E, Cambium – Series A, Red 6 – SAFE, Armada – Strategic","Armada, Anduril Industries, Cambium, Red 6",4,Marlinspike,,5,"Armada, Anduril Industries, Cambium, Red 6, Armada"
"Armada – Series A, Durin – Pre-Seed","Armada, Durin",2,Contrary,https://www.contrary.com/,2,"Armada, Durin"
Red 6 – Series B,Red 6,1,Alcazar Capital,,1,Red 6
Aurelius  – Undisclosed,Aurelius ,1,Founders Inc,,1,Aurelius 
"True Anomaly – Series B, True Anomaly – Series A, True Anomaly – Series C",True Anomaly,1,Narya,,3,"True Anomaly, True Anomaly, True Anomaly"
"Second Front Systems – Seed, Second Front Systems – Series A, Zeno Power – Series A, Morpheus Space – Series A, TurbineOne – Series A","Second Front Systems, Zeno Power, Morpheus Space, TurbineOne",4,Pallas Ventures,https://www.pallasadvisors.com/ventures,5,"Second Front Systems, Second Front Systems, Zeno Power, Morpheus Space, TurbineOne"
"Skydio – Extension, Skydio – Series E, Skydio – Series D, Impulse Space – Series C","Skydio, Impulse Space",2,Linse Capital,,4,"Skydio, Skydio, Skydio, Impulse Space"
SWARM Biotactics – Seed,SWARM Biotactics,1,Possible Ventures,,1,SWARM Biotactics
Overland – Series A,Overland,1,Osage University Partners,,1,Overland
Cambium – Series A,Cambium,1,Kern Venture Fund,,1,Cambium
Conductor AI – Series A,Conductor AI,1,Altman Capital,,1,Conductor AI
Scale AI – Series F,Scale AI,1,Tiger Global Management,,1,Scale AI
Infleqtion – Series C,Infleqtion,1,Cyfr Capital,,1,Infleqtion
Urban Sky – Series B,Urban Sky,1,New Stack Ventures,,1,Urban Sky
Proteus Space – Seed,Proteus Space,1,Crosscut Ventures,,1,Proteus Space
"Neros – Seed, Quantum Systems – Series C, Quantum Systems – Series B","Neros, Quantum Systems",2,Peter Thiel,,3,"Neros, Quantum Systems, Quantum Systems"
Scale AI – Series F,Scale AI,1,Amazon,https://www.amazon.com/,1,Scale AI
"Andrenam – Seed, Delian – Series A","Andrenam, Delian",2,201,,2,"Andrenam, Delian"
Poseidon Aerospace – Pre-Seed,Poseidon Aerospace,1,Starship Ventures,,1,Poseidon Aerospace
FibreCoat – Series A,FibreCoat,1,b.value,,1,FibreCoat
Danti – Seed,Danti,1,Radius Capital,,1,Danti
Fortem Technologies – Series A,Fortem Technologies,1,Manifest Growth,,1,Fortem Technologies
"Primer – Series B, Primer – Series C",Primer,1,Amplify,https://www.amplifypartners.com/,2,"Primer, Primer"
"Cape – Undisclosed, Neros – Seed, Obviant – Undisclosed","Cape, Neros, Obviant",3,A*,https://www.a-star.co/,3,"Cape, Neros, Obviant"
Radian Aerospace – Seed,Radian Aerospace,1,Fine Structure Ventures,,1,Radian Aerospace
Divergent Technologies – Series A,Divergent Technologies,1,Horizons Ventures,https://www.horizonsventures.com/,1,Divergent Technologies
Applied Intuition – Series E,Applied Intuition,1,Ray Dalio,,1,Applied Intuition
Elroy Air – Series A,Elroy Air,1,DiamondStream Partners,,1,Elroy Air
"Anduril Industries – Series E, Hadrian – Series A","Anduril Industries, Hadrian",2,Lachy Groom,,2,"Anduril Industries, Hadrian"
"Beacon AI – Series A, Hermeus – Series B","Beacon AI, Hermeus",2,Sam Altman,,2,"Beacon AI, Hermeus"
Capella Space – Series B,Capella Space,1,Mark VC,,1,Capella Space
Saildrone – Undisclosed,Saildrone,1,Export and Investment Fund of Denmark,,1,Saildrone
Adranos Energetics – Series A,Adranos Energetics,1,Elevate Ventures,,1,Adranos Energetics
Radiant – Series C,Radiant,1,HartBeat Ventures,,1,Radiant
"Hermeus – Series A, Hermeus – Series B, Paratus – Pre-Seed","Hermeus, Paratus",2,Bling Capital,,3,"Hermeus, Hermeus, Paratus"
Valstad – Pre-Seed,Valstad,1,Northside Ventures,,1,Valstad
"Overland – Seed, Overland – Series A, Interlune – Seed, Elroy Air – Seed","Overland, Interlune, Elroy Air",3,Shasta Ventures,,4,"Overland, Overland, Interlune, Elroy Air"
Firehawk Aerospace – Series B,Firehawk Aerospace,1,Star Castle VC,,1,Firehawk Aerospace
REGENT – Strategic,REGENT,1,Olive Tree Capital,,1,REGENT
"Armada – Series A, Galvanick – Seed, Orbit Fab – Strategic, Orbit Fab – Series A, Solideon – Pre-Seed, REGENT – Series A, Durin – Pre-Seed, Armada – Strategic","Armada, Galvanick, Orbit Fab, Solideon, REGENT, Durin",6,8090 Industries,https://www.8090industries.com/,8,"Armada, Galvanick, Orbit Fab, Orbit Fab, Solideon, REGENT, Durin, Armada"
"Merlin Labs – Series A, Merlin Labs – Series B",Merlin Labs,1,Google Ventures,https://www.gv.com/,2,"Merlin Labs, Merlin Labs"
PiLogic – Seed,PiLogic,1,FN Fund,,1,PiLogic
"Albedo – Series A, Armada – Series A, HawkEye 360 – Series D, HawkEye 360 – Series C, HawkEye 360 – Series B, Vannevar Labs – Series A, Vannevar Labs – Series B, Apex Space – Series B, Apex Space – Series A, Overwatch Imaging – Series A, Starfish Space – Strategic, Danti – Seed, Elroy Air – Undisclosed, Distributed Spectrum – Series A, Elroy Air – Series A, Obviant – Undisclosed, Armada – Strategic, Reveal – Series B","Albedo, Armada, HawkEye 360, Vannevar Labs, Apex Space, Overwatch Imaging, Starfish Space, Danti, Elroy Air, Distributed Spectrum, Obviant, Reveal",12,Shield Capital,https://shieldcap.com/,18,"Albedo, Armada, HawkEye 360, HawkEye 360, HawkEye 360, Vannevar Labs, Vannevar Labs, Apex Space, Apex Space, Overwatch Imaging, Starfish Space, Danti, Elroy Air, Distributed Spectrum, Elroy Air, Obviant, Armada, Reveal"
Apex Space – Series B,Apex Space,1,Baiju Bhatt,https://x.com/baijubhatt,1,Apex Space
Second Front Systems – Series C,Second Front Systems,1,Salesforce Ventures,https://salesforceventures.com/,1,Second Front Systems
Reality Defender – Extension,Reality Defender,1,Jefferies Family Office,,1,Reality Defender
Epirus – Series C,Epirus,1,"T. Rowe Price Associates, Inc.",,1,Epirus
"Epirus – Series D, HawkEye 360 – Extension","Epirus, HawkEye 360",2,Manhattan Venture Partners,,2,"Epirus, HawkEye 360"
"TEKEVER – Undisclosed, TEKEVER – Undisclosed",TEKEVER,1,Ventura Capital,,2,"TEKEVER, TEKEVER"
Applied Intuition – Series E,Applied Intuition,1,Nico Rosberg,,1,Applied Intuition
"Overland – Seed, Astro Mechanica – Undisclosed","Overland, Astro Mechanica",2,Voyager Capital,,2,"Overland, Astro Mechanica"
"Elroy Air – Series A, Elroy Air – Undisclosed",Elroy Air,1,Marlinspike Capital,,2,"Elroy Air, Elroy Air"
Reality Defender – Series A,Reality Defender,1,Comcast,https://comcastventures.com/,1,Reality Defender
"Scale AI – Series F, Distributed Spectrum – Series A","Scale AI, Distributed Spectrum",2,Nat Friedman,,2,"Scale AI, Distributed Spectrum"
Defense Unicorns – Series A,Defense Unicorns,1,Ansa Capital,https://www.ansa.co/,1,Defense Unicorns
"FibreCoat – Series B, FibreCoat – Series A",FibreCoat,1,TiE Angels,,2,"FibreCoat, FibreCoat"
"Second Front Systems – Series C, Epirus – Series C, Second Front Systems – Series B, Second Front Systems – Series A, Forterra – Series B, Shift5 – Series B, Hypori – Series B","Second Front Systems, Epirus, Forterra, Shift5, Hypori",5,Moore Strategic Ventures,,7,"Second Front Systems, Epirus, Second Front Systems, Second Front Systems, Forterra, Shift5, Hypori"
,,0,State of Wisconsin Investment Board,,0,
"Skydio – Series E, Skydio – Series D, Skydio – Series C, Gecko Robotics – Series B","Skydio, Gecko Robotics",2,Next47,,4,"Skydio, Skydio, Skydio, Gecko Robotics"
Beacon AI – Series A,Beacon AI,1,JetBlue Ventures,,1,Beacon AI
SEMPRE – Series A,SEMPRE,1,Pendrell,,1,SEMPRE
Zeno Power – Series B,Zeno Power,1,Hanaco Ventures,,1,Zeno Power
"Beacon AI – Series A, HavocAI – Seed, Usul – Seed, Valarian – Seed, PiLogic – Seed","Beacon AI, HavocAI, Usul, Valarian, PiLogic",5,Scout Ventures,,5,"Beacon AI, HavocAI, Usul, Valarian, PiLogic"
Privateer – Series A,Privateer,1,Tyler Winklevoss,,1,Privateer
Sphinx – Strategic,Sphinx,1,Block 3,https://www.block3.us/,1,Sphinx
"Destinus – Seed, Firehawk Aerospace – Series B","Destinus, Firehawk Aerospace",2,Cathexis Ventures,https://cathexis.ventures/,2,"Destinus, Firehawk Aerospace"
"Ursa Major – Series C, Ursa Major – Series D, Adranos Energetics – Series A, Radian Aerospace – Seed","Ursa Major, Adranos Energetics, Radian Aerospace",3,Explorer 1,,4,"Ursa Major, Ursa Major, Adranos Energetics, Radian Aerospace"
"Dream Security – Series B, Dream Security – Series A, Dream Security – Pre-Seed",Dream Security,1,Aleph,https://www.aleph.vc/,3,"Dream Security, Dream Security, Dream Security"
Infleqtion – Series C,Infleqtion,1,S Ventures,,1,Infleqtion
Rocket Lab – Series E,Rocket Lab,1,Greenspring Associates,,1,Rocket Lab
Hidden Level – Series A,Hidden Level,1,Quest Venture Partners,,1,Hidden Level
Infleqtion – Series C,Infleqtion,1,LCP,,1,Infleqtion
"Parrylabs – Strategic, Paratus – Pre-Seed","Parrylabs, Paratus",2,Teamworthy Ventures,,2,"Parrylabs, Paratus"
Astro Mechanica – Undisclosed,Astro Mechanica,1,Not Boring,,1,Astro Mechanica
Dive Technologies – Undisclosed,Dive Technologies,1,Virginia Tech Carilion Seed Fund,,1,Dive Technologies
"Applied Intuition – Series E, Applied Intuition – Series C",Applied Intuition,1,Bilal Zuberi,,2,"Applied Intuition, Applied Intuition"
Electra – Series B,Electra,1,Prysm Capital,,1,Electra
Firehawk Aerospace – Series B,Firehawk Aerospace,1,Goff Capital,,1,Firehawk Aerospace
TurbineOne – Series B,TurbineOne,1,Proof VC,,1,TurbineOne
"Shield AI – Series E, Shield AI – Series F, Deterrence – Seed, True Anomaly – Series B, True Anomaly – Series A, Shield AI – Series B, Blue Water Autonomy – Seed, True Anomaly – Series C","Shield AI, Deterrence, True Anomaly, Blue Water Autonomy",4,Riot Ventures,,8,"Shield AI, Shield AI, Deterrence, True Anomaly, True Anomaly, Shield AI, Blue Water Autonomy, True Anomaly"
XRF.ai – Undisclosed,XRF.ai,1,JME Ventures,,1,XRF.ai
Red 6 – Series B,Red 6,1,M-Cor Holdings,,1,Red 6
Dive Technologies – Undisclosed,Dive Technologies,1,Cavalier Angels,,1,Dive Technologies
Infleqtion – Series C,Infleqtion,1,Glynn Capital,,1,Infleqtion
"Skydio – Series C, Elroy Air – Seed","Skydio, Elroy Air",2,Levitate Capital,,2,"Skydio, Elroy Air"
"TurbineOne – Series A, TurbineOne – Series B",TurbineOne,1,The General Partnership,,2,"TurbineOne, TurbineOne"
Radian Aerospace – Seed,Radian Aerospace,1,EXOR,,1,Radian Aerospace
Elroy Air – Series A,Elroy Air,1,Precursor Ventures,,1,Elroy Air
Venus Aerospace – Series A,Venus Aerospace,1,The Helm & Tamarack Global,,1,Venus Aerospace
Applied Intuition – Series E,Applied Intuition,1,Porsche Investments Management S.A.,,1,Applied Intuition
Foundation Alloy – Undisclosed,Foundation Alloy,1,Yamaha Motor Ventures,,1,Foundation Alloy
Ethos – Series A,Ethos,1,Pear VC,,1,Ethos
"Albedo – Series A, K2 Space – Seed","Albedo, K2 Space",2,Republic Capital,,2,"Albedo, K2 Space"
"Hidden Level – Series C, Anduril Industries – Series E, Vannevar Labs – Series B, Scale AI – Series F, Impulse Space – Series C","Hidden Level, Anduril Industries, Vannevar Labs, Scale AI, Impulse Space",5,DFJ Growth,https://dfjgrowth.com/,5,"Hidden Level, Anduril Industries, Vannevar Labs, Scale AI, Impulse Space"
Epirus – Series C,Epirus,1,I Squared Capital,https://isquaredcapital.com/,1,Epirus
Quantum Systems – Series B,Quantum Systems,1,ScaleUp Fonds Bayern,,1,Quantum Systems
Usul – Seed,Usul,1,Jacqueline Tame,,1,Usul
Defense Unicorns – Series A,Defense Unicorns,1,Sapphire Venutures,https://sapphireventures.com/,1,Defense Unicorns
"Rocket Lab – Series D, Rocket Lab – Series E",Rocket Lab,1,Promus Ventures,,2,"Rocket Lab, Rocket Lab"
"Anduril Industries – Series E, Hadrian – Series B, Scale AI – Series F","Anduril Industries, Hadrian, Scale AI",3,WCM Investment Management,,3,"Anduril Industries, Hadrian, Scale AI"
Radiant – Series C,Radiant,1,Giant Ventures Global,,1,Radiant
Obviant – Undisclosed,Obviant,1,Motivate Venture Capital,,1,Obviant
Divergent Technologies – Series B,Divergent Technologies,1,Shanghai Alliance ,,1,Divergent Technologies
AIR – Series A,AIR,1,Entrée Capital,,1,AIR
Andrenam – Seed,Andrenam,1,Wavefunction,,1,Andrenam
Firehawk Aerospace – Series B,Firehawk Aerospace,1,Point Bridge Capital,,1,Firehawk Aerospace
FibreCoat – Series A,FibreCoat,1,Phoenix Venture Partners,,1,FibreCoat
"Second Front Systems – Seed, Second Front Systems – Series A, HawkEye 360 – Series D","Second Front Systems, HawkEye 360",2,Gula Tech Adventures,,3,"Second Front Systems, Second Front Systems, HawkEye 360"
"Proteus Space – Strategic, Vatn Systems – Seed, Proteus Space – Seed, Nooks – Series A, Infleqtion – Series C","Proteus Space, Vatn Systems, Nooks, Infleqtion",4,SAIC,https://www.saic.com/,5,"Proteus Space, Vatn Systems, Proteus Space, Nooks, Infleqtion"
XRF.ai – Undisclosed,XRF.ai,1,GoHub Ventures,,1,XRF.ai
"FibreCoat – Series B, FibreCoat – Series A",FibreCoat,1,GOOSE Capital,,2,"FibreCoat, FibreCoat"
FibreCoat – Series B,FibreCoat,1,Convergent Ventures,,1,FibreCoat
"K2 Space – Seed, AnySignal – Seed, Conductor AI – Series A, Andrenam – Seed","K2 Space, AnySignal, Conductor AI, Andrenam",4,Also Capital,https://www.alsocapital.com/,4,"K2 Space, AnySignal, Conductor AI, Andrenam"
Lovelace – Seed,Lovelace,1,RRE Ventures,,1,Lovelace
CesiumAstro – Extension,CesiumAstro,1,MESH Ventures,,1,CesiumAstro
Fortem Technologies – Series A,Fortem Technologies,1,Boeing,https://www.boeing.com/,1,Fortem Technologies
Reveal – Series B,Reveal,1,Ballistic Ventures,,1,Reveal
Shift5 – Seed,Shift5,1,Nue Capital,,1,Shift5
"Ursa Major – Series C, Impulse Space – Series A","Ursa Major, Impulse Space",2,Space Capital,,2,"Ursa Major, Impulse Space"
Armada – Strategic,Armada,1,Glade Brook,,1,Armada
Swarmbotics AI – Undisclosed,Swarmbotics AI,1,LMNT Ventures,,1,Swarmbotics AI
Firehawk Aerospace – Series B,Firehawk Aerospace,1,Hemisphere Ventures,,1,Firehawk Aerospace
Firefly – Series A,Firefly,1,Canon Ball,,1,Firefly
"Firestorm – Seed, HavocAI – Seed, Scout AI – Seed","Firestorm, HavocAI, Scout AI",3,BVVC,https://bv.vc/,3,"Firestorm, HavocAI, Scout AI"
"Saronic – Series C, Onebrief – Series B, Onebrief – Series C, Saronic – Series A, Saronic – Series B, Saronic – Seed, Hadrian – Series B, Hadrian – Series A, AnySignal – Seed, Varda – Series A, Varda – Series B, REGENT – Seed, REGENT – Series A, AMCA – Seed, Antares – Seed, Antares – Series A","Saronic, Onebrief, Hadrian, AnySignal, Varda, REGENT, AMCA, Antares",8,Caffeinated Capital,https://caffeinatedcapital.com/,16,"Saronic, Onebrief, Onebrief, Saronic, Saronic, Saronic, Hadrian, Hadrian, AnySignal, Varda, Varda, REGENT, REGENT, AMCA, Antares, Antares"
"Starfish Space – Series A, Starfish Space – Strategic",Starfish Space,1,Munich Re Ventures,,2,"Starfish Space, Starfish Space"
Allen Control Systems – Seed,Allen Control Systems,1,Forum Ventures,,1,Allen Control Systems
"Anduril Industries – Series F, Infleqtion – Series C","Anduril Industries, Infleqtion",2,Counterpoint Global,,2,"Anduril Industries, Infleqtion"
"Firestorm – Seed, Vatn Systems – Seed, HavocAI – Seed, EpiSci – Pre-Seed, Scout AI – Seed, Aurelius  – Undisclosed, Union – Seed, Radiant – Series B, Firestorm – Series A","Firestorm, Vatn Systems, HavocAI, EpiSci, Scout AI, Aurelius , Union, Radiant",8,Decisive Point,https://www.decisivepoint.com/,9,"Firestorm, Vatn Systems, HavocAI, EpiSci, Scout AI, Aurelius , Union, Radiant, Firestorm"
Foundation Alloy – Seed,Foundation Alloy,1,The Engine and Material Impact,,1,Foundation Alloy
"Antares – Seed, Antares – Series A",Antares,1,Rogue VC,,2,"Antares, Antares"
Chariot Defense – Seed,Chariot Defense,1,Brave Capital,,1,Chariot Defense
"HawkEye 360 – Series B, HawkEye 360 – Series A",HawkEye 360,1,Allied Minds,http://www.alliedminds.com/,2,"HawkEye 360, HawkEye 360"
Kilsar – Seed,Kilsar,1,Lightbank,,1,Kilsar
Usul – Seed,Usul,1,Peter Newell,,1,Usul
"Zeno Power – Series A, Solideon – Pre-Seed, Durin – Pre-Seed","Zeno Power, Solideon, Durin",3,1517,,3,"Zeno Power, Solideon, Durin"
CesiumAstro – Extension,CesiumAstro,1,Quanta Computer,,1,CesiumAstro
"Epirus – Series C, Red 6 – SAFE, DEFCON AI – Seed, Andesite – Seed","Epirus, Red 6, DEFCON AI, Andesite",4,Red Cell Partners,https://www.redcellpartners.com/,4,"Epirus, Red 6, DEFCON AI, Andesite"
Skydio – Extension,Skydio,1,KDDI,,1,Skydio
Portal Space Systems – Seed,Portal Space Systems,1,Offline Ventures,,1,Portal Space Systems
Antares – Series A,Antares,1,AltCap,,1,Antares
"Saildrone – Series C, Saildrone – Series B",Saildrone,1,Capricorn,https://capricornllc.com/,2,"Saildrone, Saildrone"
Gecko Robotics – Series B,Gecko Robotics,1,Paul Buchheit,,1,Gecko Robotics
Gecko Robotics – Series B,Gecko Robotics,1,Jake Seid,https://www.linkedin.com/in/jake1/,1,Gecko Robotics
AIR – Series A,AIR,1,Dr. Shmuel Harlap,,1,AIR
Infleqtion – Series C,Infleqtion,1,Axial,,1,Infleqtion
Orbit Fab – Undisclosed,Orbit Fab,1,Asymmetry Ventures,,1,Orbit Fab
K2 Space – Seed,K2 Space,1,Spacecadet VC,,1,K2 Space
"Quantum Systems – Series C, Quantum Systems – Series B",Quantum Systems,1,DTCP,,2,"Quantum Systems, Quantum Systems"
"Armada – Series A, Anduril Industries – Seed, Anduril Industries – Series A, Anduril Industries – Series B, Anduril Industries – Series C, Anduril Industries – Series D, Anduril Industries – Series E, Anduril Industries – Series F, Hadrian – Series B, Hadrian – Series A, Hadrian – Seed, Nominal – Seed, Scale AI – Series F, Wraithwatch – Seed, Hermeus – Series B, Galvanick – Seed, Impulse Space – Seed, Impulse Space – Series A, Impulse Space – Series B, Gecko Robotics – Series C, Gecko Robotics – Series B, Gecko Robotics – Series A, Varda – Series A, Varda – Series B, REGENT – Seed, REGENT – Series A, AMCA – Seed, Radiant – Series B, Anduril Industries – Series G, Impulse Space – Series C, Nominal – Series B, Gecko Robotics – Series D, Senra Systems – Series A, Hadrian – Series C, Armada – Strategic","Armada, Anduril Industries, Hadrian, Nominal, Scale AI, Wraithwatch, Hermeus, Galvanick, Impulse Space, Gecko Robotics, Varda, REGENT, AMCA, Radiant, Senra Systems",15,Founders Fund,https://foundersfund.com/,35,"Armada, Anduril Industries, Anduril Industries, Anduril Industries, Anduril Industries, Anduril Industries, Anduril Industries, Anduril Industries, Hadrian, Hadrian, Hadrian, Nominal, Scale AI, Wraithwatch, Hermeus, Galvanick, Impulse Space, Impulse Space, Impulse Space, Gecko Robotics, Gecko Robotics, Gecko Robotics, Varda, Varda, REGENT, REGENT, AMCA, Radiant, Anduril Industries, Impulse Space, Nominal, Gecko Robotics, Senra Systems, Hadrian, Armada"
ARX Robotics – Extension,ARX Robotics,1,Speedinvest,,1,ARX Robotics
Applied Intuition – Series E,Applied Intuition,1,John Quinn,,1,Applied Intuition
"Gecko Robotics – Series C, Gecko Robotics – Series B, Gecko Robotics – Series A, REGENT – Seed, REGENT – Series A","Gecko Robotics, REGENT",2,Mark Cuban,,5,"Gecko Robotics, Gecko Robotics, Gecko Robotics, REGENT, REGENT"
Xona – Series B,Xona,1,NGP Capital,,1,Xona
Poseidon Aerospace – Pre-Seed,Poseidon Aerospace,1,Draper Startup House,,1,Poseidon Aerospace
CesiumAstro – Series B,CesiumAstro,1,HEICO,,1,CesiumAstro
"Starfish Space – Seed, Starfish Space – Series A",Starfish Space,1,PSL Ventures,,2,"Starfish Space, Starfish Space"
Apex Space – Series B,Apex Space,1,Upfront,https://upfront.com/,1,Apex Space
Distributed Spectrum – Series A,Distributed Spectrum,1,Conviction,,1,Distributed Spectrum
"Helsing – Series B, Helsing – Series C, Helsing – Series D",Helsing,1,Saab,,3,"Helsing, Helsing, Helsing"
Vatn Systems – Seed,Vatn Systems,1,Centre Street Partners,,1,Vatn Systems
"Saildrone – Series C, Zeno Power – Series A, Orbit Fab – Series A","Saildrone, Zeno Power, Orbit Fab",3,Tribe Capital,https://tribecap.co/,3,"Saildrone, Zeno Power, Orbit Fab"
Dive Technologies – Undisclosed,Dive Technologies,1,Virginia Tech Carilion Innovation Fund,,1,Dive Technologies
X-Bow – Series B,X-Bow,1,Arkenstone Capital,,1,X-Bow
Infleqtion – Series C,Infleqtion,1,Golden Vision Capital,,1,Infleqtion
Quantum Systems – Series C,Quantum Systems,1,Bullhound Capital,,1,Quantum Systems
"Anduril Industries – Series F, Primer – Series C","Anduril Industries, Primer",2,Sands Capital,,2,"Anduril Industries, Primer"
Solideon – Pre-Seed,Solideon,1,Reinforced Ventures,,1,Solideon
"Mach Industries – Series A, Primer – Series B, Primer – Series C, Zeno Power – Series A, Fortem Technologies – Series A, Fortem Technologies – Undisclosed, Fortem Technologies – Seed, Reality Defender – Series A, Reality Defender – Extension, Rocket Lab – Series D, Impulse Space – Series B, Capella Space – Series B, Capella Space – Series C, Radiant – Series C, Impulse Space – Series C","Mach Industries, Primer, Zeno Power, Fortem Technologies, Reality Defender, Rocket Lab, Impulse Space, Capella Space, Radiant",9,DCVC,https://www.dcvc.com/,15,"Mach Industries, Primer, Primer, Zeno Power, Fortem Technologies, Fortem Technologies, Fortem Technologies, Reality Defender, Reality Defender, Rocket Lab, Impulse Space, Capella Space, Capella Space, Radiant, Impulse Space"
Firestorm – Seed,Firestorm,1,Feld Ventures,https://feldventures.com/,1,Firestorm
ActionStreamer – Series A,ActionStreamer,1,Advanced Manufacturing Fund,,1,ActionStreamer
Hidden Level – Series A,Hidden Level,1,Pipeline Capital,,1,Hidden Level
"Scale AI – Series F, Aetherflux – Series A","Scale AI, Aetherflux",2,Index Ventures,,2,"Scale AI, Aetherflux"
Gecko Robotics – Series C,Gecko Robotics,1,Joe Lonsdale,,1,Gecko Robotics
D-Fend Solutions – Series C,D-Fend Solutions,1,Israel Growth Partners,,1,D-Fend Solutions
"Pilgrim – Seed, REGENT – Seed, REGENT – Strategic, Quantum Systems – Series B","Pilgrim, REGENT, Quantum Systems",3,Thiel Capital,,4,"Pilgrim, REGENT, REGENT, Quantum Systems"
"Venus Aerospace – Seed, Venus Aerospace – Series A",Venus Aerospace,1,Saturn Five,,2,"Venus Aerospace, Venus Aerospace"
EpiSci – Pre-Seed,EpiSci,1,Top Aces,,1,EpiSci
CesiumAstro – Extension,CesiumAstro,1,InMotion Ventures,,1,CesiumAstro
Salient Motion – Seed,Salient Motion,1,Hummingbird Ventures,,1,Salient Motion
Starfish Space – Seed,Starfish Space,1,Hypothesis,,1,Starfish Space
Air Space Intelligence – Series B,Air Space Intelligence,1,Renegade Partners,,1,Air Space Intelligence
"Apex Space – Series B, Apex Space – Seed, Primer – Series C","Apex Space, Primer",2,J2 Ventures,,3,"Apex Space, Apex Space, Primer"
Overwatch Imaging – Series A,Overwatch Imaging,1,Bridger Aerospace,https://bridgeraerospace.com/,1,Overwatch Imaging
Kilsar – Seed,Kilsar,1,Cotulla Capital,,1,Kilsar
REGENT – Strategic,REGENT,1,Mesa Air Group,,1,REGENT
"Air Space Intelligence – Series B, Primer – Series B, Primer – Series C","Air Space Intelligence, Primer",2,Bloomberg Beta,https://www.bloombergbeta.com/,3,"Air Space Intelligence, Primer, Primer"
HawkEye 360 – Series C,HawkEye 360,1,Dorilton Ventures,,1,HawkEye 360
Overland – Series A,Overland,1,Caprock,https://caprock.com/,1,Overland
"Aeon – Undisclosed, Starfish Space – Seed, Starfish Space – Series A, Galvanick – Seed","Aeon, Starfish Space, Galvanick",3,MaC Venture Captial,,4,"Aeon, Starfish Space, Starfish Space, Galvanick"
Divergent Technologies – Series D,Divergent Technologies,1,Hexagon AB,https://hexagon.com/,1,Divergent Technologies
"Shield AI – Series E, Elroy Air – Seed, Andrenam – Seed","Shield AI, Elroy Air, Andrenam",3,Homebrew,https://homebrew.co/,3,"Shield AI, Elroy Air, Andrenam"
K2 Space – Seed,K2 Space,1,Earthrise Ventures,,1,K2 Space
Bounce Imaging – Series A,Bounce Imaging,1,R42 Group,,1,Bounce Imaging
"Chaos – Series B, Chaos – Series A",Chaos,1,Lerner Enterprises,,2,"Chaos, Chaos"
Astro Mechanica – Undisclosed,Astro Mechanica,1,Julian Capital,,1,Astro Mechanica
Albedo – Series A,Albedo,1,Bill Perkins,,1,Albedo
Urban Sky – Series B,Urban Sky,1,Altos Ventures,,1,Urban Sky
CesiumAstro – Extension,CesiumAstro,1,Matter Venture Partners,,1,CesiumAstro
Parrylabs – Strategic,Parrylabs,1,True Ventures,https://trueventures.com/,1,Parrylabs
Antares – Series A,Antares,1,Shine Capital,,1,Antares
"Armada – Strategic, Applied Intuition – Series B, Armada – Strategic","Armada, Applied Intuition",2,M12,,3,"Armada, Applied Intuition, Armada"
"Primer – Series C, Primer – Series D, Applied Intuition – Series D","Primer, Applied Intuition",2,Addition,,3,"Primer, Primer, Applied Intuition"
Starfish Space – Strategic,Starfish Space,1,TRAC VC,,1,Starfish Space
"ARX Robotics – Series A, Quantum Systems – Series C, Quantum Systems – Series B","ARX Robotics, Quantum Systems",2,Omnes Capital,,3,"ARX Robotics, Quantum Systems, Quantum Systems"
"K2 Space – Series A, K2 Space – Series B, Morpheus Space – Series A","K2 Space, Morpheus Space",2,Alpine Space Ventures,https://alpinespace.vc/,3,"K2 Space, K2 Space, Morpheus Space"
Morpheus Space – Series A,Morpheus Space,1,Vsquared Ventures,,1,Morpheus Space
"Proteus Space – Seed, Starfish Space – Strategic, Solestial – Seed, Orbit Fab – Series A, Astro Mechanica – Undisclosed, Xona – Series B","Proteus Space, Starfish Space, Solestial, Orbit Fab, Astro Mechanica, Xona",6,Industrious Ventures,,6,"Proteus Space, Starfish Space, Solestial, Orbit Fab, Astro Mechanica, Xona"
Applied Intuition – Series F,Applied Intuition,1,BlackRock,,1,Applied Intuition
Firehawk Aerospace – Series B,Firehawk Aerospace,1,Raytheon,,1,Firehawk Aerospace
Overwatch Imaging – Undisclosed,Overwatch Imaging,1,Edo Capital,,1,Overwatch Imaging
Albedo – Series A,Albedo,1,Energy Ventures,,1,Albedo
Kilsar – Seed,Kilsar,1,Scalewolf,,1,Kilsar
Portal Space Systems – Seed,Portal Space Systems,1,Mach33,,1,Portal Space Systems
Elroy Air – Series A,Elroy Air,1,Side X Side Management,,1,Elroy Air
Epirus – Series D,Epirus,1,Centaurus Capital LP,,1,Epirus
Elroy Air – Series A,Elroy Air,1,Prosperity7 Ventures,,1,Elroy Air
Astro Mechanica – Undisclosed,Astro Mechanica,1,Eli Dourado,,1,Astro Mechanica
Epirus – Series D,Epirus,1,Oppenheimer,,1,Epirus
"HawkEye 360 – Series B, HawkEye 360 – Series C",HawkEye 360,1,Esri,,2,"HawkEye 360, HawkEye 360"
"Proteus Space – Seed, Red 6 – SAFE, Red 6 – Series B, Proteus Space – Seed, Gallatin – Seed","Proteus Space, Red 6, Gallatin",3,Moonshots Capital,,5,"Proteus Space, Red 6, Red 6, Proteus Space, Gallatin"
Destinus – Seed,Destinus,1,Conny & Co,https://connyandco.com/,1,Destinus
"Primer – Series B, Primer – Series C",Primer,1,Section 32,,2,"Primer, Primer"
"K2 Space – Seed, Solideon – Pre-Seed, Antares – Seed","K2 Space, Solideon, Antares",3,Pathbreaker Ventures,,3,"K2 Space, Solideon, Antares"
"Firehawk Aerospace – Series C, Firehawk Aerospace – Series B, Venus Aerospace – Seed, Venus Aerospace – Series A, Scout AI – Seed, Radiant – Series B","Firehawk Aerospace, Venus Aerospace, Scout AI, Radiant",4,Draper Associates,,6,"Firehawk Aerospace, Firehawk Aerospace, Venus Aerospace, Venus Aerospace, Scout AI, Radiant"
"Deterrence – Seed, Aeon – Undisclosed","Deterrence, Aeon",2,Valhalla Ventures,https://www.valhalla.ventures/,2,"Deterrence, Aeon"
"Venus Aerospace – Seed, Venus Aerospace – Series A",Venus Aerospace,1,Prime Movers Lab,,2,"Venus Aerospace, Venus Aerospace"
Electra – Series B,Electra,1,Statkraft Ventures,,1,Electra
Auterion – Undisclosed,Auterion,1,Mosaic Ventures,,1,Auterion
Dive Technologies – Undisclosed,Dive Technologies,1,Tanis Venture Management,,1,Dive Technologies
REGENT – Seed,REGENT,1,Jordan Noone,,1,REGENT
Picogrid – Seed,Picogrid,1,Domino Ventures,,1,Picogrid
"Elroy Air – Series A, Urban Sky – Series B","Elroy Air, Urban Sky",2,Catapult Ventures,,2,"Elroy Air, Urban Sky"
"Forterra – Series B, TEKEVER – Undisclosed, TEKEVER – Undisclosed","Forterra, TEKEVER",2,Crescent Cove Advisors,https://crescentcove.com/,3,"Forterra, TEKEVER, TEKEVER"
Shield AI – Series F,Shield AI,1,ARK Invest,https://www.ark-invest.com/,1,Shield AI
Portal Space Systems – Seed,Portal Space Systems,1,FUSE,,1,Portal Space Systems
"Gecko Robotics – Series C, Gecko Robotics – Series B",Gecko Robotics,1,Drive Capital,,2,"Gecko Robotics, Gecko Robotics"
"Primer – Series B, Fortem Technologies – Series A","Primer, Fortem Technologies",2,Mubadala Ventures,,2,"Primer, Fortem Technologies"
"Starfish Space – Seed, K2 Space – Seed, Venus Aerospace – Seed, Venus Aerospace – Series A, Solideon – Pre-Seed, Radiant – Series B","Starfish Space, K2 Space, Venus Aerospace, Solideon, Radiant",5,Boost VC,https://www.boost.vc/,6,"Starfish Space, K2 Space, Venus Aerospace, Venus Aerospace, Solideon, Radiant"
Cape – Undisclosed,Cape,1,ex/ante,,1,Cape
Forterra – Series B,Forterra,1,Enlightenment Capital,,1,Forterra
Saronic – Series A,Saronic,1,Ensemble VC,,1,Saronic
Orca AI – Series B,Orca AI,1,Hyperlink Ventures,,1,Orca AI
Solestial – Seed,Solestial,1,GPVC,,1,Solestial
K2 Space – Seed,K2 Space,1,Side Door Ventures,,1,K2 Space
Red 6 – Series B,Red 6,1,Alliance Holdings,,1,Red 6
Cambium – Series A,Cambium,1,Jackson Moses,,1,Cambium
Portal Space Systems – Seed,Portal Space Systems,1,TFX,,1,Portal Space Systems
Andrenam – Seed,Andrenam,1,Colorado School of Mines Venture Fund,,1,Andrenam
"Hadrian – Series B, Galvanick – Seed, Antares – Seed, Antares – Series A","Hadrian, Galvanick, Antares",3,Shrug Capital,,4,"Hadrian, Galvanick, Antares, Antares"
"HawkEye 360 – Series D, HawkEye 360 – Extension, HawkEye 360 – Series C",HawkEye 360,1,Adage Capital,https://www.adagecapital.com/,3,"HawkEye 360, HawkEye 360, HawkEye 360"
"CX2 – Series A, Radiant – Series C, Senra Systems – Series A, Chariot Defense – Seed, Rune Technologies – Series A","CX2, Radiant, Senra Systems, Chariot Defense, Rune Technologies",5,Pax Ventures,,5,"CX2, Radiant, Senra Systems, Chariot Defense, Rune Technologies"
Distributed Spectrum – Series A,Distributed Spectrum,1,XFund,,1,Distributed Spectrum
"Privateer – Series A, Starfish Space – Strategic","Privateer, Starfish Space",2,Aero X Ventures,https://www.axv.vc/,2,"Privateer, Starfish Space"
"Saildrone – Series C, Ursa Major – Series C, Gecko Robotics – Series C, Gecko Robotics – Series D","Saildrone, Ursa Major, Gecko Robotics",3,XN,,4,"Saildrone, Ursa Major, Gecko Robotics, Gecko Robotics"
Vatn Systems – Seed,Vatn Systems,1,DYNE Ventures,,1,Vatn Systems
Scout AI – Seed,Scout AI,1,Expansion VC,,1,Scout AI
FibreCoat – Series B,FibreCoat,1,212,https://212.vc/,1,FibreCoat
Firehawk Aerospace – Series B,Firehawk Aerospace,1,Victorum Capital,,1,Firehawk Aerospace
Applied Intuition – Series B,Applied Intuition,1,Floodgate,,1,Applied Intuition
Armada – Strategic,Armada,1,Veriten,,1,Armada
Ethos – Series A,Ethos,1,Norwest Venture Partners,,1,Ethos
D-Fend Solutions – Series C,D-Fend Solutions,1,Vertex Growth,,1,D-Fend Solutions
Aurelius  – Undisclosed,Aurelius ,1,Detroit Venture Partners,,1,Aurelius 
"TEKEVER – Undisclosed, ARX Robotics – Series A, TEKEVER – Undisclosed","TEKEVER, ARX Robotics",2,NATO Innovations Fund,,3,"TEKEVER, ARX Robotics, TEKEVER"
Hypori – Series B,Hypori,1,Hale Capital Partners,,1,Hypori
Auterion – Undisclosed,Auterion,1,Tectonic Ventures,,1,Auterion
Applied Intuition – Series E,Applied Intuition,1,Mary Meeker,,1,Applied Intuition
Edgerunner AI – Series A,Edgerunner AI,1,Madrona Ventures,,1,Edgerunner AI
"Albedo – Series A, Scale AI – Series F, Reality Defender – Extension, Reality Defender – Series A, Gecko Robotics – Series B, Gecko Robotics – Series A, REGENT – Seed, Astro Mechanica – Undisclosed, Deepnight – Undisclosed, Theseus – Seed, Usul – Seed, Gecko Robotics – Series D","Albedo, Scale AI, Reality Defender, Gecko Robotics, REGENT, Astro Mechanica, Deepnight, Theseus, Usul",9,Y Combinator,https://www.ycombinator.com/,12,"Albedo, Scale AI, Reality Defender, Reality Defender, Gecko Robotics, Gecko Robotics, REGENT, Astro Mechanica, Deepnight, Theseus, Usul, Gecko Robotics"
Radiant – Series C,Radiant,1,Gigascale Capital,,1,Radiant
Elroy Air – Seed,Elroy Air,1,Lemnos,,1,Elroy Air
"World View – Strategic, Infleqtion – Series C","World View, Infleqtion",2,Breakthrough Victoria,https://breakthroughvictoria.com/,2,"World View, Infleqtion"
Saildrone – Series C,Saildrone,1,BOND,https://www.bondcap.com/,1,Saildrone
"Orbit Fab – Undisclosed, Firefly – Undisclosed","Orbit Fab, Firefly",2,Northrop Grumman Corporation,,2,"Orbit Fab, Firefly"
"Skydio – Extension, Skydio – Series E, Dedrone – Series C, Dedrone – Extension","Skydio, Dedrone",2,Axon,https://www.axon.com/,4,"Skydio, Skydio, Dedrone, Dedrone"
"Hadrian – Series B, Hadrian – Series A, Hadrian – Seed, Hadrian – Series C",Hadrian,1,Construct Capital,https://www.constructcap.com/,4,"Hadrian, Hadrian, Hadrian, Hadrian"
"Armada – Series A, Hadrian – Series A, Impulse Space – Series B, Hadrian – Series C","Armada, Hadrian, Impulse Space",3,137 Ventures,https://www.137ventures.com/,4,"Armada, Hadrian, Impulse Space, Hadrian"
Orbit Fab – Undisclosed,Orbit Fab,1,Audacious Venture Partners,,1,Orbit Fab
"True Anomaly – Series A, Danti – Seed, True Anomaly – Series C","True Anomaly, Danti",2,Space VC,https://www.spacevc.com/,3,"True Anomaly, Danti, True Anomaly"
HawkEye 360 – Series D,HawkEye 360,1,Jacobs,,1,HawkEye 360
Urban Sky – Series B,Urban Sky,1,Union Labs VC,,1,Urban Sky
"Solestial – Seed, Firehawk Aerospace – Series B, Esper Satellite Imagery – Pre-Seed, Solideon – Pre-Seed, Darkhive – Series A, Darkhive – Seed, Xona – Series B","Solestial, Firehawk Aerospace, Esper Satellite Imagery, Solideon, Darkhive, Xona",6,Stellar Ventures,,7,"Solestial, Firehawk Aerospace, Esper Satellite Imagery, Solideon, Darkhive, Darkhive, Xona"
Infleqtion – Series C,Infleqtion,1,Global Frontier,,1,Infleqtion
SWARM Biotactics – Seed,SWARM Biotactics,1,Capnamic,,1,SWARM Biotactics
Schemata – Seed,Schemata,1,Time Zero Capital,,1,Schemata
Firefly – Series D,Firefly,1,Human Element,,1,Firefly
Hadrian – Series B,Hadrian,1,Bracket Capital,https://www.bracketcapital.com/,1,Hadrian
"True Anomaly – Series B, Dedrone – Series C, Dedrone – Extension, True Anomaly – Series C","True Anomaly, Dedrone",2,Menlo Ventures,,4,"True Anomaly, Dedrone, Dedrone, True Anomaly"
"Merlin Labs – Series B, Shield AI – Series E, Shield AI – Series F, Red 6 – SAFE, Red 6 – Series A, Gecko Robotics – Series C","Merlin Labs, Shield AI, Red 6, Gecko Robotics",4,Snowpoint,https://www.snowpoint.com/,6,"Merlin Labs, Shield AI, Shield AI, Red 6, Red 6, Gecko Robotics"
Proteus Space – Seed,Proteus Space,1,Mana Ventures,,1,Proteus Space
"Dirac – Undisclosed, AnySignal – Seed","Dirac, AnySignal",2,Acequia Capital,https://www.acecap.com/,2,"Dirac, AnySignal"
Neros – Series A,Neros,1,Vy Capital US,,1,Neros
"Hidden Level – Series C, Hidden Level – Series B, Cambium – Series A, Asylon – Series B","Hidden Level, Cambium, Asylon",3,Veteran Ventures,,4,"Hidden Level, Hidden Level, Cambium, Asylon"
Schemata – Seed,Schemata,1,Anorak Ventures,,1,Schemata
ActionStreamer – Series A,ActionStreamer,1,The Castellini Management Company,,1,ActionStreamer
Portal Space Systems – Seed,Portal Space Systems,1,AlleyCorp,,1,Portal Space Systems
ACUA Ocean – Pre-Seed,ACUA Ocean,1,StealthPoint,,1,ACUA Ocean
Gecko Robotics – Series B,Gecko Robotics,1,Josh Reeves,,1,Gecko Robotics
,,0,Vladlen Koltun,,0,
"Merlin Labs – Series B, Anduril Industries – Series F, TEKEVER – Undisclosed, TEKEVER – Undisclosed","Merlin Labs, Anduril Industries, TEKEVER",3,Baillie Gifford,https://www.bailliegifford.com/,4,"Merlin Labs, Anduril Industries, TEKEVER, TEKEVER"
Radiant – Series B,Radiant,1,McKinley Alaska,,1,Radiant
Hidden Level – Series A,Hidden Level,1,Lobby Capital,,1,Hidden Level
"Comand AI – Seed, Orasio – Seed","Comand AI, Orasio",2,Expeditions Fund,,2,"Comand AI, Orasio"
Reveal – Series B,Reveal,1,Madison Valley Partners,,1,Reveal
"Privateer – Series A, Firehawk Aerospace – Series C","Privateer, Firehawk Aerospace",2,BOKA Group,https://www.boka-group.com/,2,"Privateer, Firehawk Aerospace"
"Skydio – Series C, Skydio – Series B",Skydio,1,Playground,https://playground.vc/,2,"Skydio, Skydio"
"Impulse Space – Series B, Impulse Space – Series C",Impulse Space,1,Spring Tide,,2,"Impulse Space, Impulse Space"
ZeroMark – Seed,ZeroMark,1,Ground Up Ventures,,1,ZeroMark
"Castelion – Series A, Neros – Series A, Aetherflux – Series A","Castelion, Neros, Aetherflux",3,Interlagos,,3,"Castelion, Neros, Aetherflux"
"Apex Space – Series B, Chariot Defense – Seed","Apex Space, Chariot Defense",2,Ravelin,,2,"Apex Space, Chariot Defense"
Urban Sky – Series B,Urban Sky,1,TenOneTen,,1,Urban Sky
Infleqtion – Series C,Infleqtion,1,S32,,1,Infleqtion
Applied Intuition – Series D,Applied Intuition,1,Semil Shah,,1,Applied Intuition
Scout AI – Seed,Scout AI,1,FJ Labs,,1,Scout AI
PiLogic – Seed,PiLogic,1,Flex Capital,,1,PiLogic
Xona – Series B,Xona,1,First Spark,,1,Xona
XRF.ai – Undisclosed,XRF.ai,1,Kfund,,1,XRF.ai
Firefly – Series A,Firefly,1,SMS Capital Investment,,1,Firefly
"Castelion – Series A, Proteus Space – Seed, Morpheus Space – Series A, Proteus Space – Seed, Urban Sky – Series B, CesiumAstro – Series B, CesiumAstro – Extension","Castelion, Proteus Space, Morpheus Space, Urban Sky, CesiumAstro",5,Lavrock Ventures,,7,"Castelion, Proteus Space, Morpheus Space, Proteus Space, Urban Sky, CesiumAstro, CesiumAstro"
Delian – Series A,Delian,1,Marathon Venture Capital,,1,Delian
Zeno Power – Series B,Zeno Power,1,Stage 1 Ventures,,1,Zeno Power
True Anomaly – Series B,True Anomaly,1,FiveNine Ventures,,1,True Anomaly
Radian Aerospace – Seed,Radian Aerospace,1,Helios Capital,,1,Radian Aerospace
Aetherflux – Series A,Aetherflux,1,François-Paul Journe,,1,Aetherflux
Orca AI – Series B,Orca AI,1,Brighton Park Capital,,1,Orca AI
"Saildrone – Undisclosed, Armada – Strategic","Saildrone, Armada",2,Pinegrove,,2,"Saildrone, Armada"
Saildrone – Series B,Saildrone,1,The Schmidt Family Foundation,,1,Saildrone
Trypillian – Undisclosed,Trypillian,1,Brooks Newmark,,1,Trypillian
Aurelius  – Undisclosed,Aurelius ,1,640 Oxford,,1,Aurelius 
Deterrence – Seed,Deterrence,1,Dmitri Alperovitch,,1,Deterrence
"Hermeus – Series A, Hermeus – Series B",Hermeus,1,Revolution's Rise of the Rest Seed Fund,,2,"Hermeus, Hermeus"
Chaos – Series A,Chaos,1,Alpha Wave Global,https://www.alphawaveglobal.com/,1,Chaos
TEKEVER – Undisclosed,TEKEVER,1,Iberis Semper,,1,TEKEVER
Urban Sky – Series B,Urban Sky,1,New Legacy Ventures,,1,Urban Sky
Infleqtion – Series C,Infleqtion,1,Wisconsin Alumni Research Foundation,,1,Infleqtion
"FibreCoat – Series B, FibreCoat – Series A",FibreCoat,1,NOVA,https://www.nova-saint-gobain.com/,2,"FibreCoat, FibreCoat"
Urban Sky – Series B,Urban Sky,1,Lerer Hippeau,,1,Urban Sky
"Scout AI – Seed, Radiant – Series C","Scout AI, Radiant",2,Align Ventures,,2,"Scout AI, Radiant"
Usul – Seed,Usul,1,Steve Blank,,1,Usul
Primer – Series B,Primer,1,AME,https://www.amecloudventures.com/,1,Primer
Apex Space – Series B,Apex Space,1,Mirae Asset Capital,,1,Apex Space
Firestorm – Seed,Firestorm,1,Backswing Ventures,https://backswingventures.com/,1,Firestorm
Swarmbotics AI – Undisclosed,Swarmbotics AI,1,Soma Capital,,1,Swarmbotics AI
Asylon – Series B,Asylon,1,GO PA Fund,,1,Asylon
"Skydio – Series E, Skydio – Series D, Skydio – Series C, Skydio – Series B",Skydio,1,IVP,,4,"Skydio, Skydio, Skydio, Skydio"
Orasio – Seed,Orasio,1,Global Founders Capital,,1,Orasio
"Saronic – Series A, Sandtable – Undisclosed, Saronic – Seed, Hadrian – Series B, Aeon – Undisclosed, Dirac – Undisclosed, Galvanick – Seed, Swarmbotics AI – Undisclosed, Gallatin – Seed, Union – Seed, Armada – Strategic","Saronic, Sandtable, Hadrian, Aeon, Dirac, Galvanick, Swarmbotics AI, Gallatin, Union, Armada",10,Silent Venture,https://silentvc.com/,11,"Saronic, Sandtable, Saronic, Hadrian, Aeon, Dirac, Galvanick, Swarmbotics AI, Gallatin, Union, Armada"
"Skydio – Series E, Skydio – Series C",Skydio,1,DoCoMo,https://www.nttdocomo-v.com/en/,2,"Skydio, Skydio"
"Chaos – Series C, Firestorm – Series A","Chaos, Firestorm",2,New Enterprise Associates,,2,"Chaos, Firestorm"
Anduril Industries – Series D,Anduril Industries,1,D1 Capital Partners,,1,Anduril Industries
"Rune Technologies – Seed, Shield AI – Series C, Shield AI – Series D, Overland – Seed, Overland – Series A, Saronic – Series A, Saronic – Seed, Vannevar Labs – Series A, Vannevar Labs – Series B, Apex Space – Series B, Starfish Space – Strategic, Cape – Undisclosed, REGENT – Series A, Apex Space – Series C, CX2 – Series A, Rune Technologies – Series A","Rune Technologies, Shield AI, Overland, Saronic, Vannevar Labs, Apex Space, Starfish Space, Cape, REGENT, CX2",10,Point72 Ventures,http://point72.com/,16,"Rune Technologies, Shield AI, Shield AI, Overland, Overland, Saronic, Saronic, Vannevar Labs, Vannevar Labs, Apex Space, Starfish Space, Cape, REGENT, Apex Space, CX2, Rune Technologies"
Firefly – Series A,Firefly,1,XBTO Ventures,,1,Firefly
ACUA Ocean – Pre-Seed,ACUA Ocean,1,Blue Action Accelerator,https://www.blueactionaccelerator.com/,1,ACUA Ocean
Firefly – Series D,Firefly,1,GiantLeap Capital,,1,Firefly
Lodestar – Pre-Seed,Lodestar,1,Inflection,,1,Lodestar
Overland – Seed,Overland,1,Pioneer Square Labs,,1,Overland
Firefly – Series C,Firefly,1,Mitsui & Co,,1,Firefly
"True Anomaly – Series B, True Anomaly – Series A, Ursa Major – Series D, Blue Water Autonomy – Seed, True Anomaly – Series C","True Anomaly, Ursa Major, Blue Water Autonomy",3,Eclipse,https://eclipse.capital/,5,"True Anomaly, True Anomaly, Ursa Major, Blue Water Autonomy, True Anomaly"
"Rune Technologies – Seed, Saronic – Series C, Shield AI – Series A, Skydio – Series E, Skydio – Series D, Skydio – Series C, Skydio – Series A, Skydio – Seed, Anduril Industries – Series B, Anduril Industries – Series C, Anduril Industries – Series D, Saronic – Series A, Saronic – Series B, Saronic – Seed, Hadrian – Series B, Hadrian – Series A, Shield AI – Strategic, Apex Space – Series B, Apex Space – Series A, Apex Space – Seed, Castelion – Series A, Air Space Intelligence – Series B, CX2 – Seed, Cape – Undisclosed, ZeroMark – Seed, Applied Intuition – Series B, Applied Intuition – Series C, Applied Intuition – Series D, Applied Intuition – Series E, Salient Motion – Seed, Aetherflux – Series A, AMCA – Seed, Astro Mechanica – Undisclosed, Durin – Pre-Seed, Apex Space – Series C, CX2 – Series A, Radiant – Series B, Schemata – Seed, Senra Systems – Series A, Hadrian – Series C, Rune Technologies – Series A","Rune Technologies, Saronic, Shield AI, Skydio, Anduril Industries, Hadrian, Apex Space, Castelion, Air Space Intelligence, CX2, Cape, ZeroMark, Applied Intuition, Salient Motion, Aetherflux, AMCA, Astro Mechanica, Durin, Radiant, Schemata, Senra Systems",21,Andreessen Horowitz (a16z),https://a16z.com/,41,"Rune Technologies, Saronic, Shield AI, Skydio, Skydio, Skydio, Skydio, Skydio, Anduril Industries, Anduril Industries, Anduril Industries, Saronic, Saronic, Saronic, Hadrian, Hadrian, Shield AI, Apex Space, Apex Space, Apex Space, Castelion, Air Space Intelligence, CX2, Cape, ZeroMark, Applied Intuition, Applied Intuition, Applied Intuition, Applied Intuition, Salient Motion, Aetherflux, AMCA, Astro Mechanica, Durin, Apex Space, CX2, Radiant, Schemata, Senra Systems, Hadrian, Rune Technologies"
"Proteus Space – Seed, Firehawk Aerospace – Series B, X-Bow – Strategic, Solideon – Pre-Seed, Darkhive – Seed, X-Bow – Series B","Proteus Space, Firehawk Aerospace, X-Bow, Solideon, Darkhive",5,Capital Factory,https://capitalfactory.com/,6,"Proteus Space, Firehawk Aerospace, X-Bow, Solideon, Darkhive, X-Bow"
Electra – Series B,Electra,1,Virginia Innovation Partnership Corporation,,1,Electra
"HawkEye 360 – Series D, HawkEye 360 – Extension, HawkEye 360 – Series C, HawkEye 360 – Series B, HawkEye 360 – Series A, X-Bow – Series A, X-Bow – Strategic, X-Bow – Series B, X-Bow – Series B","HawkEye 360, X-Bow",2,Razor’s Edge,https://www.razorsvc.com/,9,"HawkEye 360, HawkEye 360, HawkEye 360, HawkEye 360, HawkEye 360, X-Bow, X-Bow, X-Bow, X-Bow"
Shift5 – Seed,Shift5,1,Emerging Ventures,,1,Shift5
"TEKEVER – Undisclosed, Infleqtion – Series C","TEKEVER, Infleqtion",2,National Security Strategic Investment Fund (NSSIF),,2,"TEKEVER, Infleqtion"
Gecko Robotics – Series D,Gecko Robotics,1,Cox Enterprises,,1,Gecko Robotics
"Mach Industries – Seed, Neros – Seed, Kela – Series A, Kela – Seed, Neros – Series A, Nominal – Series B, Mach Industries – Series B, Senra Systems – Series A","Mach Industries, Neros, Kela, Nominal, Senra Systems",5,Sequoia Capital,,8,"Mach Industries, Neros, Kela, Kela, Neros, Nominal, Mach Industries, Senra Systems"
"Castelion – Series A, Neros – Seed, Pilgrim – Seed, Venus Aerospace – Series A, Salient Motion – Seed, Radiant – Series B","Castelion, Neros, Pilgrim, Venus Aerospace, Salient Motion, Radiant",6,Cantos,https://cantos.vc/,6,"Castelion, Neros, Pilgrim, Venus Aerospace, Salient Motion, Radiant"
Destinus – Seed,Destinus,1,One Way Ventures,,1,Destinus
"Ursa Major – Series C, Esper Satellite Imagery – Pre-Seed, Astro Mechanica – Undisclosed","Ursa Major, Esper Satellite Imagery, Astro Mechanica",3,Dolby Family Ventures,,3,"Ursa Major, Esper Satellite Imagery, Astro Mechanica"
Origin Robotics – Pre-Seed,Origin Robotics,1,Silicon Roundabout Ventures,,1,Origin Robotics
"Saildrone – Series C, Saildrone – Undisclosed",Saildrone,1,Crowley Maritime Corporation,,2,"Saildrone, Saildrone"
Shift5 – Seed,Shift5,1,Lamphere Capital,,1,Shift5
"Reveal – Series A, Reveal – Series B",Reveal,1,Next Frontier Capital,,2,"Reveal, Reveal"
True Anomaly – Series B,True Anomaly,1,Rocketship.vc,https://rocketship.vc/,1,True Anomaly
"Danti – Seed, Conductor AI – Series A, Antares – Seed","Danti, Conductor AI, Antares",3,Humba Ventures,,3,"Danti, Conductor AI, Antares"
"Onebrief – Series B, Onebrief – Series C",Onebrief,1,9Yards Capital,https://www.9yardscapital.com/,2,"Onebrief, Onebrief"
Saildrone – Series C,Saildrone,1,Emerson Collective,,1,Saildrone
Shift5 – Series A,Shift5,1,General Advance,,1,Shift5
REGENT – Series A,REGENT,1,Japan Airlines Innovation Fund,,1,REGENT
REGENT – Series A,REGENT,1,Yamato Holdings,,1,REGENT
Hypori – Extension,Hypori,1,UBS AG,,1,Hypori
HawkEye 360 – Strategic,HawkEye 360,1,Leidos,,1,HawkEye 360
Applied Intuition – Series E,Applied Intuition,1,Henry Kravis,,1,Applied Intuition
"Allen Control Systems – Seed, Allen Control Systems – Series A, Xona – Series B","Allen Control Systems, Xona",2,Craft Ventures,https://www.craftventures.com/,3,"Allen Control Systems, Allen Control Systems, Xona"
"Scale AI – Series F, Applied Intuition – Series D","Scale AI, Applied Intuition",2,Coatue,https://www.coatue.com/,2,"Scale AI, Applied Intuition"
Darkhive – Series A,Darkhive,1,Ten Eleven Ventures,,1,Darkhive
Rebellion Defense – Series B,Rebellion Defense,1,Lupa Systems,,1,Rebellion Defense
Hadrian – Series C,Hadrian,1,Morgan Stanley,,1,Hadrian
"Saronic – Series C, Epirus – Series D, Epirus – Series C, Second Front Systems – Seed, Second Front Systems – Series A, Chaos – Series B, Chaos – Series A, Overland – Series A, Armada – Series A, Anduril Industries – Series D, Anduril Industries – Series E, Anduril Industries – Seed, Saronic – Series A, Saronic – Series B, Saronic – Seed, Apex Space – Series B, CX2 – Seed, Cambium – Series A, Reveal – Series A, Gallatin – Seed, Apex Space – Series C, CX2 – Series A, Senra Systems – Series A","Saronic, Epirus, Second Front Systems, Chaos, Overland, Armada, Anduril Industries, Apex Space, CX2, Cambium, Reveal, Gallatin, Senra Systems",13,8VC,https://www.8vc.com/,23,"Saronic, Epirus, Epirus, Second Front Systems, Second Front Systems, Chaos, Chaos, Overland, Armada, Anduril Industries, Anduril Industries, Anduril Industries, Saronic, Saronic, Saronic, Apex Space, CX2, Cambium, Reveal, Gallatin, Apex Space, CX2, Senra Systems"
"SEMPRE – Series A, SEMPRE – Undisclosed",SEMPRE,1,90 Degree North,,2,"SEMPRE, SEMPRE"
Impulse Space – Series B,Impulse Space,1,Elysium,,1,Impulse Space
Galvanick – Seed,Galvanick,1,Hanover Technology Investment Management,,1,Galvanick
"True Anomaly – Series B, True Anomaly – Series C",True Anomaly,1,ACME Capital,https://www.acme.vc/,2,"True Anomaly, True Anomaly"
REGENT – Strategic,REGENT,1,Toba Capital,,1,REGENT
Cambium – Series A,Cambium,1,Vertical Capital,,1,Cambium
"ARX Robotics – Series A, Quantum Systems – Series C, Quantum Systems – Series B, ARX Robotics – Extension","ARX Robotics, Quantum Systems",2,HV Capital,,4,"ARX Robotics, Quantum Systems, Quantum Systems, ARX Robotics"
Astro Mechanica – Undisclosed,Astro Mechanica,1,Wayfinder,,1,Astro Mechanica
"Starfish Space – Strategic, HavocAI – Seed, Impulse Space – Series B, CesiumAstro – Extension, Impulse Space – Series C","Starfish Space, HavocAI, Impulse Space, CesiumAstro",4,Trousdale Ventures,,5,"Starfish Space, HavocAI, Impulse Space, CesiumAstro, Impulse Space"
X-Bow – Series B,X-Bow,1,Upsher Management Company,,1,X-Bow
"Salient Motion – Seed, Freeform – Undisclosed, SEMPRE – Undisclosed","Salient Motion, Freeform, SEMPRE",3,AE Ventures,,3,"Salient Motion, Freeform, SEMPRE"
Radian Aerospace – Seed,Radian Aerospace,1,The Private Shares Fund,,1,Radian Aerospace
"Hidden Level – Series B, Armada – Series A, Anduril Industries – Series D, Anduril Industries – Series E, Chaos – Series C, Impulse Space – Series C","Hidden Level, Armada, Anduril Industries, Chaos, Impulse Space",5,Valor Equity,https://www.valorep.com/,6,"Hidden Level, Armada, Anduril Industries, Anduril Industries, Chaos, Impulse Space"
Solideon – Pre-Seed,Solideon,1,Techstars Space,,1,Solideon
"Apex Space – Series B, Primer – Series B, Primer – Series C","Apex Space, Primer",2,Avalon Capital Group,https://www.linkedin.com/company/avalon-capital-group/,3,"Apex Space, Primer, Primer"
Pilgrim – Seed,Pilgrim,1,Refactor,,1,Pilgrim
"Chaos – Series B, Overland – Series A, Firestorm – Seed, Saronic – Series A, Nominal – Series A, Impulse Space – Series B, Chaos – Series C, Infleqtion – Series C, Armada – Strategic","Chaos, Overland, Firestorm, Saronic, Nominal, Impulse Space, Infleqtion, Armada",8,Overmatch Ventures,https://overmatch.vc/,9,"Chaos, Overland, Firestorm, Saronic, Nominal, Impulse Space, Chaos, Infleqtion, Armada"
Scale AI – Series F,Scale AI,1,Qualcomm Ventures,,1,Scale AI
Firestorm – Seed,Firestorm,1,Red Cat Holdings,https://www.redcatholdings.com/,1,Firestorm
"HawkEye 360 – Extension, Red 6 – Series B, Picogrid – Seed, HavocAI – Seed, Impulse Space – Series B, Astro Mechanica – Undisclosed, Edgerunner AI – Series A, Foundation Alloy – Undisclosed, Adyton – Undisclosed, Schemata – Seed","HawkEye 360, Red 6, Picogrid, HavocAI, Impulse Space, Astro Mechanica, Edgerunner AI, Foundation Alloy, Adyton, Schemata",10,Alumni Ventures,https://www.av.vc/,10,"HawkEye 360, Red 6, Picogrid, HavocAI, Impulse Space, Astro Mechanica, Edgerunner AI, Foundation Alloy, Adyton, Schemata"
HawkEye 360 – Series D,HawkEye 360,1,116 Street Ventures,https://www.av.vc/funds/116street,1,HawkEye 360
"HawkEye 360 – Series B, Solestial – Seed, Impulse Space – Series A, Impulse Space – Series B, Morpheus Space – Series A, CesiumAstro – Series B, Quantum Systems – Series C, Quantum Systems – Series B, Impulse Space – Series C","HawkEye 360, Solestial, Impulse Space, Morpheus Space, CesiumAstro, Quantum Systems",6,Airbus,https://www.airbus.com/,9,"HawkEye 360, Solestial, Impulse Space, Impulse Space, Morpheus Space, CesiumAstro, Quantum Systems, Quantum Systems, Impulse Space"
"Epirus – Series C, Scout AI – Seed","Epirus, Scout AI",2,Piedmont Capital Investments,,2,"Epirus, Scout AI"
Rocket Lab – Series E,Rocket Lab,1,ACC,,1,Rocket Lab
"Shield AI – Series D, Shield AI – Series E, Shield AI – Series F",Shield AI,1,Disruptive,,3,"Shield AI, Shield AI, Shield AI"
Bounce Imaging – Series A,Bounce Imaging,1,Helen Greiner,,1,Bounce Imaging
"Second Front Systems – Series C, Onebrief – Extension","Second Front Systems, Onebrief",2,Battery Ventures,https://www.battery.com/,2,"Second Front Systems, Onebrief"
REGENT – Strategic,REGENT,1,JAM Fund,,1,REGENT
"Divergent Technologies – Series A, Divergent Technologies – Series B",Divergent Technologies,1,Altran Technologies,,2,"Divergent Technologies, Divergent Technologies"
"Overwatch Imaging – Series A, CesiumAstro – Series B, CesiumAstro – Extension","Overwatch Imaging, CesiumAstro",2,L3Harris Technologies,,3,"Overwatch Imaging, CesiumAstro, CesiumAstro"
"Chaos – Series B, Helsing – Series C, Skydio – Series B, Skydio – Series A, True Anomaly – Series C, Chaos – Series C, Helsing – Series D","Chaos, Helsing, Skydio, True Anomaly",4,Accel,,7,"Chaos, Helsing, Skydio, Skydio, True Anomaly, Chaos, Helsing"
Asylon – Series B,Asylon,1,Allegion Ventures,,1,Asylon
"Helsing – Series C, Scale AI – Series F","Helsing, Scale AI",2,Greenoaks,https://greenoaks.com/,2,"Helsing, Scale AI"
Venus Aerospace – Seed,Venus Aerospace,1,X-Factor Ventures,,1,Venus Aerospace
"Bounce Imaging – Series A, Orbit Fab – Series A","Bounce Imaging, Orbit Fab",2,Good Growth Capital,,2,"Bounce Imaging, Orbit Fab"
Droneforge – Seed,Droneforge,1,Shor Capital,,1,Droneforge
"Epirus – Series C, Mach Industries – Series A, Durin – Pre-Seed, Mach Industries – Series B","Epirus, Mach Industries, Durin",3,Bedrock,https://bedrockcap.com/,4,"Epirus, Mach Industries, Durin, Mach Industries"
"HawkEye 360 – Series D, HawkEye 360 – Extension",HawkEye 360,1,Strategic Development Fund,,2,"HawkEye 360, HawkEye 360"
"Saronic – Series C, Helsing – Series C, Anduril Industries – Series D, Anduril Industries – Series E, Saronic – Series B, Scale AI – Series F, Applied Intuition – Series D, Applied Intuition – Series E","Saronic, Helsing, Anduril Industries, Scale AI, Applied Intuition",5,Elad Gil,https://eladgil.com/,8,"Saronic, Helsing, Anduril Industries, Anduril Industries, Saronic, Scale AI, Applied Intuition, Applied Intuition"
"Epirus – Series D, Epirus – Series C, Chaos – Series C, Apex Space – Series C, TurbineOne – Series B, Radiant – Series C","Epirus, Chaos, Apex Space, TurbineOne, Radiant",5,StepStone Group,https://www.stepstonegroup.com/,6,"Epirus, Epirus, Chaos, Apex Space, TurbineOne, Radiant"
"Hidden Level – Series B, Hidden Level – Series A",Hidden Level,1,Lauder Partners,,2,"Hidden Level, Hidden Level"
Origin Robotics – Pre-Seed,Origin Robotics,1,Change Ventures,https://www.changeventures.com/,1,Origin Robotics
Deterrence – Seed,Deterrence,1,Definition Capital,,1,Deterrence
Delian – Series A,Delian,1,HCVC,,1,Delian
Orbit Fab – Undisclosed,Orbit Fab,1,Marubeni Ventures,,1,Orbit Fab
Nooks – Series A,Nooks,1,Upper90,,1,Nooks
Reality Defender – Series A,Reality Defender,1,Rackhouse Venture Capital,,1,Reality Defender
Astro Mechanica – Undisclosed,Astro Mechanica,1,Lowercarbon,,1,Astro Mechanica
"HawkEye 360 – Series D, HawkEye 360 – Series C",HawkEye 360,1,Advance,https://www.advance.com/,2,"HawkEye 360, HawkEye 360"
"Firestorm – Seed, Hidden Level – Series A, HawkEye 360 – Strategic, Fortem Technologies – Undisclosed, X-Bow – Series A, X-Bow – Strategic, X-Bow – Series B, Red 6 – Strategic, Red 6 – Series B, Vatn Systems – Seed, Rocket Lab – Series B, EpiSci – Pre-Seed, Orbit Fab – Undisclosed, Orbit Fab – Series A, Elroy Air – Series A, REGENT – Series A, Electra – Series B, X-Bow – Series B, Nooks – Series A, Firestorm – Series A","Firestorm, Hidden Level, HawkEye 360, Fortem Technologies, X-Bow, Red 6, Vatn Systems, Rocket Lab, EpiSci, Orbit Fab, Elroy Air, REGENT, Electra, Nooks",14,Lockheed Martin Ventures,https://www.lockheedmartin.com/en-us/who-we-are/lockheed-martin-ventures.html,20,"Firestorm, Hidden Level, HawkEye 360, Fortem Technologies, X-Bow, X-Bow, X-Bow, Red 6, Red 6, Vatn Systems, Rocket Lab, EpiSci, Orbit Fab, Orbit Fab, Elroy Air, REGENT, Electra, X-Bow, Nooks, Firestorm"
Dive Technologies – Undisclosed,Dive Technologies,1,Mill Town Capital,,1,Dive Technologies
Vatn Systems – Seed,Vatn Systems,1,Fortitude Ventures,,1,Vatn Systems
"Helsing – Series C, Helsing – Series D",Helsing,1,Plural,https://pluralplatform.com/,2,"Helsing, Helsing"
"D-Fend Solutions – Series C, SWARM Biotactics – Seed","D-Fend Solutions, SWARM Biotactics",2,Vertex Ventures,,2,"D-Fend Solutions, SWARM Biotactics"
Delian – Series A,Delian,1,Entropy Industrial Capital,,1,Delian
"Rocket Lab – Series B, Rocket Lab – Series D, Rocket Lab – Series E, TurbineOne – Series A, DEFCON AI – Seed, TurbineOne – Series B","Rocket Lab, TurbineOne, DEFCON AI",3,Bessemer Venture Partners,,6,"Rocket Lab, Rocket Lab, Rocket Lab, TurbineOne, DEFCON AI, TurbineOne"
Zeno Power – Series B,Zeno Power,1,RiverPark Ventures,,1,Zeno Power
Bounce Imaging – Series A,Bounce Imaging,1,Ed Roberts,,1,Bounce Imaging
,,0,O Luxe Holdings Limited,,0,
"Starfish Space – Seed, Starfish Space – Series A, Starfish Space – Strategic",Starfish Space,1,NFX,,3,"Starfish Space, Starfish Space, Starfish Space"
"Merlin Labs – Series A, K2 Space – Seed, K2 Space – Series B, Theseus – Seed, Andrenam – Seed","Merlin Labs, K2 Space, Theseus, Andrenam",4,First Round Capital,https://www.firstround.com/,5,"Merlin Labs, K2 Space, K2 Space, Theseus, Andrenam"
Chaos – Series A,Chaos,1,Valar Ventures,https://www.valar.com/,1,Chaos
"Saildrone – Series C, Armada – Series A, Anduril Industries – Series D, Anduril Industries – Series E, Hadrian – Series B, Hadrian – Series A, Hadrian – Seed, Privateer – Series A, Nominal – Seed, Apex Space – Seed, Primer – Series B, Primer – Series C, Kela – Series A, Applied Intuition – Series B, Applied Intuition – Series C, Applied Intuition – Series D, Impulse Space – Strategic, Impulse Space – Series A, Impulse Space – Series B, Varda – Series A, Varda – Series B, AMCA – Seed, Conductor AI – Series A, Theseus – Seed, Durin – Pre-Seed, Saildrone – Undisclosed, Impulse Space – Series C, Nominal – Series B, Applied Intuition – Series F, Hadrian – Series C, Armada – Strategic","Saildrone, Armada, Anduril Industries, Hadrian, Privateer, Nominal, Apex Space, Primer, Kela, Applied Intuition, Impulse Space, Varda, AMCA, Conductor AI, Theseus, Durin",16,Lux Capital,https://www.luxcapital.com/,31,"Saildrone, Armada, Anduril Industries, Anduril Industries, Hadrian, Hadrian, Hadrian, Privateer, Nominal, Apex Space, Primer, Primer, Kela, Applied Intuition, Applied Intuition, Applied Intuition, Impulse Space, Impulse Space, Impulse Space, Varda, Varda, AMCA, Conductor AI, Theseus, Durin, Saildrone, Impulse Space, Nominal, Applied Intuition, Hadrian, Armada"
CesiumAstro – Extension,CesiumAstro,1,Development Bank of Japan,,1,CesiumAstro
Scout AI – Seed,Scout AI,1,Evolution VC,,1,Scout AI
"Proteus Space – Seed, Zeno Power – Series A, Solideon – Pre-Seed","Proteus Space, Zeno Power, Solideon",3,AIN Ventures,https://www.ainventures.com/portfolio,3,"Proteus Space, Zeno Power, Solideon"
"Hidden Level – Series C, Vannevar Labs – Series A, Vannevar Labs – Series B, Beacon AI – Series A, Cape – Undisclosed, Auterion – Undisclosed","Hidden Level, Vannevar Labs, Beacon AI, Cape, Auterion",5,Costanoa Ventures,https://costanoa.vc/,6,"Hidden Level, Vannevar Labs, Vannevar Labs, Beacon AI, Cape, Auterion"
CesiumAstro – Series B,CesiumAstro,1,Franklin Blackhorse Fund,,1,CesiumAstro
Applied Intuition – Series E,Applied Intuition,1,Mustafa Suleyman,,1,Applied Intuition
Senra Systems – Series A,Senra Systems,1,Dylan Field,,1,Senra Systems
Anduril Industries – Series F,Anduril Industries,1,Franklin Venture Partners,,1,Anduril Industries
"Neros – Seed, Neros – Series A, Chariot Defense – Seed","Neros, Chariot Defense",2,D3,,3,"Neros, Neros, Chariot Defense"
"Impulse Space – Series B, Impulse Space – Series C",Impulse Space,1,First Principles Group,,2,"Impulse Space, Impulse Space"
"Castelion – Series A, AnySignal – Seed","Castelion, AnySignal",2,BlueYard Capital,https://blueyard.com/,2,"Castelion, AnySignal"
"Forterra – Series B, Divergent Technologies – Series C","Forterra, Divergent Technologies",2,Hedosophia,https://www.hedosophia.com/,2,"Forterra, Divergent Technologies"
Red 6 – Series B,Red 6,1,RedBird Capital Partners,,1,Red 6
"Morpheus Space – Series A, Urban Sky – Series B, Kilsar – Seed","Morpheus Space, Urban Sky, Kilsar",3,Techstars Ventures,,3,"Morpheus Space, Urban Sky, Kilsar"
Overwatch Imaging – Undisclosed,Overwatch Imaging,1,SEMCAP AI,,1,Overwatch Imaging
"Radian Aerospace – Seed, Orbit Fab – Undisclosed","Radian Aerospace, Orbit Fab",2,SpaceFund,,2,"Radian Aerospace, Orbit Fab"
"Second Front Systems – Seed, Second Front Systems – Series A, Applied Intuition – Series B, CesiumAstro – Series B, CesiumAstro – Extension, Applied Intuition – Series F","Second Front Systems, Applied Intuition, CesiumAstro",3,Kleiner Perkins,,6,"Second Front Systems, Second Front Systems, Applied Intuition, CesiumAstro, CesiumAstro, Applied Intuition"
"Hadrian – Series B, Ursa Major – Series D, Vatn Systems – Seed, EpiSci – Pre-Seed, Impulse Space – Series A, Impulse Space – Series B, Darkhive – Series A, Gastops – Undisclosed, Impulse Space – Series C","Hadrian, Ursa Major, Vatn Systems, EpiSci, Impulse Space, Darkhive, Gastops",7,RTX Ventures,https://www.rtx.com/who-we-are/ventures,9,"Hadrian, Ursa Major, Vatn Systems, EpiSci, Impulse Space, Impulse Space, Darkhive, Gastops, Impulse Space"
Radiant – Series C,Radiant,1,ARK Venture Fund,,1,Radiant
"Scale AI – Series F, Foundation Alloy – Undisclosed","Scale AI, Foundation Alloy",2,Intel Capital,,2,"Scale AI, Foundation Alloy"
Electra – Series B,Electra,1,Honeywell,,1,Electra
Skydio – Series E,Skydio,1,Hercules Capital,,1,Skydio
Epirus – Series C,Epirus,1,EPIQ Capital Group,https://epiqcg.com/,1,Epirus
Dive Technologies – Undisclosed,Dive Technologies,1,Charlottesville Angel Network,,1,Dive Technologies
Interlune – Seed,Interlune,1,Aurelia Foundry,https://www.aureliafoundry.com/,1,Interlune
Dream Security – Series B,Dream Security,1,Tau Capital,,1,Dream Security
Applied Intuition – Series B,Applied Intuition,1,La Famiglia,,1,Applied Intuition
Reality Defender – Extension,Reality Defender,1,Illuminate Financial,,1,Reality Defender
"Quantum Systems – Series C, Quantum Systems – Series B",Quantum Systems,1,Porsche SE,,2,"Quantum Systems, Quantum Systems"
Adyton – Undisclosed,Adyton,1,Kindred Ventures,,1,Adyton
Valstad – Pre-Seed,Valstad,1,N49P,,1,Valstad
Reality Defender – Extension,Reality Defender,1,Accenture,https://www.accenture.com/us-en,1,Reality Defender
Reality Defender – Series A,Reality Defender,1,AI Grant,https://aigrant.com/,1,Reality Defender
"Saronic – Series C, Onebrief – Series C, Helsing – Series B, Helsing – Series C, Anduril Industries – Seed, Anduril Industries – Series B, Anduril Industries – Series D, Anduril Industries – Series E, Nominal – Series A, Vannevar Labs – Series A, Vannevar Labs – Series B, Applied Intuition – Series B, Applied Intuition – Series C, Applied Intuition – Series D, Applied Intuition – Series E, Varda – Series A, Re:Build – Undisclosed, Andesite – Seed, Nominal – Series B, Helsing – Series D, Senra Systems – Series A, Chariot Defense – Seed","Saronic, Onebrief, Helsing, Anduril Industries, Nominal, Vannevar Labs, Applied Intuition, Varda, Re:Build, Andesite, Senra Systems, Chariot Defense",12,General Catalyst,https://www.generalcatalyst.com/,22,"Saronic, Onebrief, Helsing, Helsing, Anduril Industries, Anduril Industries, Anduril Industries, Anduril Industries, Nominal, Vannevar Labs, Vannevar Labs, Applied Intuition, Applied Intuition, Applied Intuition, Applied Intuition, Varda, Re:Build, Andesite, Nominal, Helsing, Senra Systems, Chariot Defense"
Comand AI – Seed,Comand AI,1,Eurazeo,,1,Comand AI
Infleqtion – Series C,Infleqtion,1,Caruso Ventures,,1,Infleqtion
Scale AI – Series F,Scale AI,1,Wellington Management,,1,Scale AI
"Destinus – Seed, Chaos – Series A, Starfish Space – Seed, Interlune – Seed","Destinus, Chaos, Starfish Space, Interlune",4,Liquid2 Ventures,,4,"Destinus, Chaos, Starfish Space, Interlune"
Firefly – Series D,Firefly,1,RPM Ventures,,1,Firefly
ACUA Ocean – Pre-Seed,ACUA Ocean,1,BritBots,https://www.britbots.com/,1,ACUA Ocean
"Anduril Industries – Series E, Cambium – Series A, Darkhive – Seed","Anduril Industries, Cambium, Darkhive",3,MVP Ventures,,3,"Anduril Industries, Cambium, Darkhive"
Saildrone – Undisclosed,Saildrone,1,Academy Securities,,1,Saildrone
"Hidden Level – Series C, Hidden Level – Series B, Albedo – Series A, Starfish Space – Strategic, Reality Defender – Extension, Shift5 – Series B, Scout AI – Seed, Firestorm – Series A, Reveal – Series B","Hidden Level, Albedo, Starfish Space, Reality Defender, Shift5, Scout AI, Firestorm, Reveal",8,Booz Allen Ventures,https://www.boozallen.com/expertise/accelerating-outcomes-for-the-nation/ventures.html,9,"Hidden Level, Hidden Level, Albedo, Starfish Space, Reality Defender, Shift5, Scout AI, Firestorm, Reveal"
"Firestorm – Seed, Proteus Space – Seed, Vatn Systems – Seed, HavocAI – Seed, Proteus Space – Seed","Firestorm, Proteus Space, Vatn Systems, HavocAI",4,The Veteran Fund,https://www.veteran.fund/,5,"Firestorm, Proteus Space, Vatn Systems, HavocAI, Proteus Space"
"Solestial – Seed, Red 6 – Series B","Solestial, Red 6",2,AEI HorizonX,,2,"Solestial, Red 6"
Reality Defender – Extension,Reality Defender,1,IBM Ventures,,1,Reality Defender
"Shield AI – Series F, Anduril Industries – Series E, Saronic – Series A, Saronic – Seed, Shield AI – Strategic, Primer – Series D, Gecko Robotics – Series C, Gecko Robotics – Series D","Shield AI, Anduril Industries, Saronic, Primer, Gecko Robotics",5,U.S. Innovative Technology Fund,https://usitfund.com/,8,"Shield AI, Anduril Industries, Saronic, Saronic, Shield AI, Primer, Gecko Robotics, Gecko Robotics"
Dedrone – Series C,Dedrone,1,John Chambers,,1,Dedrone
Firehawk Aerospace – Series B,Firehawk Aerospace,1,Echo Investments,,1,Firehawk Aerospace
Delian – Series A,Delian,1,Nebular,,1,Delian
"Castelion – Series A, Helsing – Series C, Saronic – Series A, Saronic – Seed, Anduril Industries – Series E, K2 Space – Series B, Nominal – Series B, Helsing – Series D","Castelion, Helsing, Saronic, Anduril Industries, K2 Space, Nominal",6,Lightspeed Venture Partners,,8,"Castelion, Helsing, Saronic, Saronic, Anduril Industries, K2 Space, Nominal, Helsing"
Obviant – Undisclosed,Obviant,1,Underdog Labs,,1,Obviant
Red 6 – SAFE,Red 6,1,TR Aeroventures,,1,Red 6
Red 6 – Series B,Red 6,1,Downey Labs,,1,Red 6
Parrylabs – Strategic,Parrylabs,1,Capitol Meridian Partners,https://capitolmeridian.com/,1,Parrylabs
Neros – Series A,Neros,1,Keller Rinaudo Cliffton,,1,Neros
Adranos Energetics – Series A,Adranos Energetics,1,Specific Impulse Capital,,1,Adranos Energetics
Solideon – Pre-Seed,Solideon,1,Vibe Capital,,1,Solideon
Capella Space – Series C,Capella Space,1,Cota Capital,,1,Capella Space
Orca AI – Series B,Orca AI,1,OCV Partners,,1,Orca AI
Spear AI – Seed,Spear AI,1,Scare the Bear,,1,Spear AI
Radiant – Series C,Radiant,1,SGA,,1,Radiant
"Dedrone – Series C, Dedrone – Extension",Dedrone,1,Aqton Partners,,2,"Dedrone, Dedrone"
Conductor AI – Series A,Conductor AI,1,Sunflower Capital,,1,Conductor AI
Electra – Series B,Electra,1,Safran,,1,Electra
Radiant – Series C,Radiant,1,Crossbeam Venture Partners,,1,Radiant
"Neros – Seed, Andrenam – Seed","Neros, Andrenam",2,Long Journey,,2,"Neros, Andrenam"
Gallatin – Seed,Gallatin,1,Timeless Partners,,1,Gallatin
"Hypori – Series A, Hypori – Series B",Hypori,1,GreatPoint Ventures,,2,"Hypori, Hypori"
Overwatch Imaging – Series A,Overwatch Imaging,1,Portland Seed Fund,,1,Overwatch Imaging
"Albedo – Series A, Aetherflux – Series A","Albedo, Aetherflux",2,Breakthrough Energy Ventures,https://www.breakthroughenergy.org/,2,"Albedo, Aetherflux"
Epirus – Series D,Epirus,1,Center15 Capital,https://www.center15capital.com/,1,Epirus
"Epirus – Series D, Epirus – Series C",Epirus,1,General Dynamics Land Systems,https://www.gdls.com/,2,"Epirus, Epirus"
Danti – Seed,Danti,1,Tech Square Ventures,,1,Danti
"Rune Technologies – Seed, Forterra – Series B, Nominal – Series A, Apex Space – Seed, Apex Space – Series B, Wraithwatch – Seed, Cape – Undisclosed, Gecko Robotics – Series C, TurbineOne – Seed, TurbineOne – Series A, TurbineOne – Series B, Chariot Defense – Seed, Rune Technologies – Series A","Rune Technologies, Forterra, Nominal, Apex Space, Wraithwatch, Cape, Gecko Robotics, TurbineOne, Chariot Defense",9,XYZ Ventures,https://www.xyz.vc/,13,"Rune Technologies, Forterra, Nominal, Apex Space, Apex Space, Wraithwatch, Cape, Gecko Robotics, TurbineOne, TurbineOne, TurbineOne, Chariot Defense, Rune Technologies"
"Privateer – Series A, Picogrid – Seed","Privateer, Picogrid",2,Starburst Ventures,,2,"Privateer, Picogrid"
Picogrid – Seed,Picogrid,1,Credo Ventures,,1,Picogrid
Solideon – Pre-Seed,Solideon,1,Tiny VC,,1,Solideon
"Epirus – Series D, Hidden Level – Series C, Hidden Level – Series B, Shield AI – Strategic, Red 6 – Series B, Apex Space – Series C, Saildrone – Undisclosed, Firestorm – Series A, Rune Technologies – Series A","Epirus, Hidden Level, Shield AI, Red 6, Apex Space, Saildrone, Firestorm, Rune Technologies",8,Washington Harbour Partners,https://washingtonharbour.com/,9,"Epirus, Hidden Level, Hidden Level, Shield AI, Red 6, Apex Space, Saildrone, Firestorm, Rune Technologies"
"Second Front Systems – Series C, Second Front Systems – Seed, Second Front Systems – Series A, Valarian – Seed","Second Front Systems, Valarian",2,Artis Venture,https://www.av.co/,4,"Second Front Systems, Second Front Systems, Second Front Systems, Valarian"
Scout AI – Seed,Scout AI,1,Monte Carlo Capital,,1,Scout AI
Destinus – Seed,Destinus,1,ACE & Company,https://aceandcompany.com/,1,Destinus
Dirac – Undisclosed,Dirac,1,Eidetic Ventures,,1,Dirac
Red 6 – SAFE,Red 6,1,Octave,,1,Red 6
Dream Security – Series B,Dream Security,1, Bain Capital Ventures,https://www.baincapitalventures.com/,1,Dream Security
World View – Series D,World View,1,SNC,,1,World View
"Rebellion Defense – Series B, Adyton – Undisclosed","Rebellion Defense, Adyton",2,Venrock,https://www.venrock.com/,2,"Rebellion Defense, Adyton"
Scout AI – Seed,Scout AI,1,Habitat Partners,,1,Scout AI
Zeno Power – Series B,Zeno Power,1,JAWS,,1,Zeno Power
Hypori – Extension,Hypori,1,Carahsoft Technology Group Corp.,,1,Hypori
"Deterrence – Seed, Blue Water Autonomy – Seed","Deterrence, Blue Water Autonomy",2,Impatient Ventures,,2,"Deterrence, Blue Water Autonomy"
"Nominal – Series A, Conductor AI – Series A","Nominal, Conductor AI",2,Haystack VC,,2,"Nominal, Conductor AI"
"Reveal – Series A, Reveal – Series B",Reveal,1,Defy.VC,,2,"Reveal, Reveal"
Firefly – Series A,Firefly,1,DADA Holdings,,1,Firefly
"Cape – Undisclosed, Conductor AI – Series A, Chariot Defense – Seed, Rune Technologies – Series A","Cape, Conductor AI, Chariot Defense, Rune Technologies",4,Forward Deployed VC,,4,"Cape, Conductor AI, Chariot Defense, Rune Technologies"
Bounce Imaging – Series A,Bounce Imaging,1,Backstage Capital,https://backstagecapital.com/,1,Bounce Imaging
Scale AI – Series F,Scale AI,1,ServiceNow Ventures,,1,Scale AI
,,0,AI fund,https://aifund.ai/,0,
Dedrone – Series C,Dedrone,1,Target Partners,,1,Dedrone
Ursa Major – Series C,Ursa Major,1,Harpoon Ventures,,1,Ursa Major
Privateer – Series A,Privateer,1,Cameron Winklevoss,https://x.com/cameron,1,Privateer
Scout AI – Seed,Scout AI,1,Revelry Venture Partners,,1,Scout AI
"HavocAI – Seed, Shift5 – Seed, Aurelius  – Undisclosed, Droneforge – Seed","HavocAI, Shift5, Aurelius , Droneforge",4,Outlander VC,,4,"HavocAI, Shift5, Aurelius , Droneforge"
"Chaos – Series A, Impulse Space – Series B, Impulse Space – Series C","Chaos, Impulse Space",2,Tamarack Global,,3,"Chaos, Impulse Space, Impulse Space"
Orbit Fab – Series A,Orbit Fab,1,Massive Capital Partners,,1,Orbit Fab
Fortem Technologies – Series A,Fortem Technologies,1,New Ground Ventures,,1,Fortem Technologies
Xona – Series B,Xona,1,Future Ventures,,1,Xona
"Quantum Systems – Series C, Quantum Systems – Series B",Quantum Systems,1,Notion,,2,"Quantum Systems, Quantum Systems"
Astro Mechanica – Undisclosed,Astro Mechanica,1,Myelin VC,,1,Astro Mechanica
"Primer – Series B, Vatn Systems – Seed, Hermeus – Series B, Morpheus Space – Series A, Infleqtion – Series C","Primer, Vatn Systems, Hermeus, Morpheus Space, Infleqtion",5,In-Q-Tel,,5,"Primer, Vatn Systems, Hermeus, Morpheus Space, Infleqtion"
Valstad – Pre-Seed,Valstad,1,Elementum,,1,Valstad
"Epirus – Series C, X-Bow – Series A","Epirus, X-Bow",2,Broom Ventures,https://www.broom.ventures/,2,"Epirus, X-Bow"
Bounce Imaging – Series A,Bounce Imaging,1,Tanis Ventures,,1,Bounce Imaging
"Hermeus – Series A, Hermeus – Series B",Hermeus,1,Canaan Partners,,2,"Hermeus, Hermeus"
"Forterra – Series B, Saildrone – Series C","Forterra, Saildrone",2,Standard Investments,,2,"Forterra, Saildrone"
"HawkEye 360 – Series D, Obviant – Undisclosed, Chariot Defense – Seed","HawkEye 360, Obviant, Chariot Defense",3,New Vista Capital,,3,"HawkEye 360, Obviant, Chariot Defense"
Radian Aerospace – Seed,Radian Aerospace,1,Type 1 Ventures,,1,Radian Aerospace
Adyton – Undisclosed,Adyton,1,Liquid 2 Ventures,,1,Adyton
Hidden Level – Series C,Hidden Level,1,Revolution Growth,,1,Hidden Level
"Reality Defender – Series A, Reality Defender – Extension",Reality Defender,1,Partnership Fund for New York City,,2,"Reality Defender, Reality Defender"
"Second Front Systems – Series C, Second Front Systems – Series B, Aetherflux – Series A","Second Front Systems, Aetherflux",2,NEA,https://www.nea.com/,3,"Second Front Systems, Second Front Systems, Aetherflux"
"Apex Space – Series B, Starfish Space – Series A, Starfish Space – Strategic, Xona – Series B","Apex Space, Starfish Space, Xona",3,Toyota Ventures,https://toyota.ventures/,4,"Apex Space, Starfish Space, Starfish Space, Xona"
Solideon – Pre-Seed,Solideon,1,MD One Ventures,,1,Solideon
"X-Bow – Strategic, X-Bow – Series B, Impulse Space – Series B, X-Bow – Series B, Zeno Power – Series B, Impulse Space – Series C","X-Bow, Impulse Space, Zeno Power",3,Balerion Space Ventures,,6,"X-Bow, X-Bow, Impulse Space, X-Bow, Zeno Power, Impulse Space"
"Overwatch Imaging – Series A, Shift5 – Series A, Overwatch Imaging – Undisclosed","Overwatch Imaging, Shift5",2,Squadra Ventures,,3,"Overwatch Imaging, Shift5, Overwatch Imaging"
Auterion – Undisclosed,Auterion,1,Lakestar,,1,Auterion
"Firestorm – Seed, Overland – Seed, Albedo – Series A, Saronic – Series A, Saronic – Seed, Vatn Systems – Seed, Chariot Defense – Seed","Firestorm, Overland, Albedo, Saronic, Vatn Systems, Chariot Defense",6,Cubit Capital,https://cubit.capital/,7,"Firestorm, Overland, Albedo, Saronic, Saronic, Vatn Systems, Chariot Defense"
Primer – Series C,Primer,1,Steadfast Capital,,1,Primer
Zeno Power – Series B,Zeno Power,1,Beyond Earth Ventures,,1,Zeno Power
Rocket Lab – Series E,Rocket Lab,1,Future Fund,,1,Rocket Lab
Nooks – Series A,Nooks,1,Zigg Capital,,1,Nooks
Scale AI – Series F,Scale AI,1,Cisco Investments,https://www.ciscoinvestments.com/,1,Scale AI
Applied Intuition – Series B,Applied Intuition,1,Sozo Ventures,,1,Applied Intuition
Fortem Technologies – Strategic,Fortem Technologies,1,LAGO Innovation Fund,,1,Fortem Technologies
Scout AI – Seed,Scout AI,1,Sigmas Group,,1,Scout AI
Delian – Series A,Delian,1,Air Street Capital,,1,Delian
"K2 Space – Seed, Galvanick – Seed","K2 Space, Galvanick",2,Countdown Capital,,2,"K2 Space, Galvanick"
Adranos Energetics – Series A,Adranos Energetics,1,Bob Bishop,,1,Adranos Energetics
"Gecko Robotics – Series C, Gecko Robotics – Series B, Valarian – Seed, PiLogic – Seed","Gecko Robotics, Valarian, PiLogic",3,Gokul Rajaram,,4,"Gecko Robotics, Gecko Robotics, Valarian, PiLogic"
"Epirus – Series D, Epirus – Series C, Second Front Systems – Series A, Cambium – Series A, Interlune – Seed, Radian Aerospace – Seed, Solideon – Pre-Seed, Scout AI – Seed","Epirus, Second Front Systems, Cambium, Interlune, Radian Aerospace, Solideon, Scout AI",7,Gaingels,https://gaingels.com/,8,"Epirus, Epirus, Second Front Systems, Cambium, Interlune, Radian Aerospace, Solideon, Scout AI"
Foundation Alloy – Undisclosed,Foundation Alloy,1,Engine Ventures,,1,Foundation Alloy
HawkEye 360 – Series D,HawkEye 360,1,SVB Capital,,1,HawkEye 360
"Armada – Series A, Vannevar Labs – Series B, Distributed Spectrum – Series A, Dedrone – Extension, Dedrone – Series C, Armada – Strategic","Armada, Vannevar Labs, Distributed Spectrum, Dedrone",4,Felicis,,6,"Armada, Vannevar Labs, Distributed Spectrum, Dedrone, Dedrone, Armada"
Quantum Systems – Series C,Quantum Systems,1,LP&E AG,,1,Quantum Systems
Foundation Alloy – Seed,Foundation Alloy,1,Safar Partners,,1,Foundation Alloy
"Firehawk Aerospace – Series C, Hadrian – Series C","Firehawk Aerospace, Hadrian",2,1789 Capital,https://www.1789capital.io/,2,"Firehawk Aerospace, Hadrian"
Cape – Undisclosed,Cape,1,Karman Ventures,,1,Cape
"TEKEVER – Undisclosed, TEKEVER – Undisclosed",TEKEVER,1,Iberis Capital,,2,"TEKEVER, TEKEVER"
Radian Aerospace – Seed,Radian Aerospace,1,The Venture Collective,,1,Radian Aerospace
"Onebrief – Series B, Onebrief – Series C, Anduril Industries – Series E, Nominal – Series A, Wraithwatch – Seed, Applied Intuition – Series E, Rune Technologies – Series A","Onebrief, Anduril Industries, Nominal, Wraithwatch, Applied Intuition, Rune Technologies",6,Human Capital,,7,"Onebrief, Onebrief, Anduril Industries, Nominal, Wraithwatch, Applied Intuition, Rune Technologies"
X-Bow – Series B,X-Bow,1,Event Horizon Capital,,1,X-Bow
"Shield AI – Strategic, Fortem Technologies – Undisclosed, Radiant – Series C","Shield AI, Fortem Technologies, Radiant",3,Hanwha Aerospace,,3,"Shield AI, Fortem Technologies, Radiant"
Lodestar – Pre-Seed,Lodestar,1,Lunar Ventures,,1,Lodestar
Parrylabs – Strategic,Parrylabs,1,3Wire Partners,https://www.3wp.com/,1,Parrylabs
"Anduril Industries – Series E, Scale AI – Series F","Anduril Industries, Scale AI",2,Thrive Capital,https://thrivecap.com/,2,"Anduril Industries, Scale AI"
"X-Bow – Series B, X-Bow – Series B",X-Bow,1,Boeing Ventures,,2,"X-Bow, X-Bow"
Apex Space – Series B,Apex Space,1,CRV,,1,Apex Space
Infleqtion – Series C,Infleqtion,1,Olive Ventures,,1,Infleqtion
"Hidden Level – Series A, Ursa Major – Series C","Hidden Level, Ursa Major",2,Alsop Louie Partners,https://www.alsop-louie.com/,2,"Hidden Level, Ursa Major"
"Primer – Series B, X-Bow – Series A, X-Bow – Strategic, X-Bow – Series B, Darkhive – Series A, Darkhive – Seed, X-Bow – Series B","Primer, X-Bow, Darkhive",3,Crosslink,https://www.crosslinkcapital.com/,7,"Primer, X-Bow, X-Bow, X-Bow, Darkhive, Darkhive, X-Bow"
Zeno Power – Series B,Zeno Power,1,7i Capital,,1,Zeno Power
Edgerunner AI – Series A,Edgerunner AI,1,HP Tech Ventures,,1,Edgerunner AI
Venus Aerospace – Series A,Venus Aerospace,1,Seraph Group,,1,Venus Aerospace
Rebellion Defense – Series B,Rebellion Defense,1,Declaration Partners,,1,Rebellion Defense
"HawkEye 360 – Series D, Zeno Power – Series B, PiLogic – Seed","HawkEye 360, Zeno Power, PiLogic",3,Seraphim Space Investment Trust,,3,"HawkEye 360, Zeno Power, PiLogic"
Scale AI – Series F,Scale AI,1,AMD Ventures,https://www.amd.com/en/ventures.html,1,Scale AI
"Anduril Industries – Series F, Hadrian – Series C","Anduril Industries, Hadrian",2,Altimeter,https://www.altimeter.com/home,2,"Anduril Industries, Hadrian"
"K2 Space – Series A, K2 Space – Series B",K2 Space,1,Altimeter Capital,https://www.altimeter.com/home,2,"K2 Space, K2 Space"
Esper Satellite Imagery – Seed,Esper Satellite Imagery,1,Hejaz,,1,Esper Satellite Imagery
Apex Space – Series B,Apex Space,1,Outsiders Fund,,1,Apex Space
Infleqtion – Series C,Infleqtion,1,Maverick,,1,Infleqtion
"Skydio – Series E, Skydio – Series D",Skydio,1,UP.Partners,https://up.partners/,2,"Skydio, Skydio"
"Firestorm – Seed, True Anomaly – Series B, Shift5 – Series A, True Anomaly – Series C","Firestorm, True Anomaly, Shift5",3,645 Ventures,https://645ventures.com/,4,"Firestorm, True Anomaly, Shift5, True Anomaly"
"True Anomaly – Series B, True Anomaly – Series A, Durin – Pre-Seed, True Anomaly – Series C","True Anomaly, Durin",2,Champion Hill Ventures,https://www.championhillventures.com/,4,"True Anomaly, True Anomaly, Durin, True Anomaly"
"Albedo – Series A, Picogrid – Seed, Deepnight – Undisclosed, Adyton – Undisclosed","Albedo, Picogrid, Deepnight, Adyton",4,Initialized Capital,,4,"Albedo, Picogrid, Deepnight, Adyton"
Orbit Fab – Series A,Orbit Fab,1,Stride Capital,,1,Orbit Fab
REGENT – Series A,REGENT,1,UAE’s Strategic Development Fund,,1,REGENT
ACUA Ocean – Pre-Seed,ACUA Ocean,1,Sixth Wave Ventures,,1,ACUA Ocean
Impulse Space – Series B,Impulse Space,1,Island Green,,1,Impulse Space
TEKEVER – Undisclosed,TEKEVER,1,Cedrus Capital,,1,TEKEVER
Aetherflux – Series A,Aetherflux,1,Jared Leto,,1,Aetherflux
CesiumAstro – Series B,CesiumAstro,1,Forever Ventures,,1,CesiumAstro
Usul – Seed,Usul,1,Jack Shanahan,,1,Usul
Orca AI – Series B,Orca AI,1,Mizmaa Ventures,,1,Orca AI
Red 6 – Series B,Red 6,1,State of Florida Opportunity Fund,,1,Red 6
DEFCON AI – Seed,DEFCON AI,1,Fifth Growth Fund,,1,DEFCON AI
"Destinus – Seed, Sandtable – Undisclosed, Aeon – Undisclosed, Swarmbotics AI – Undisclosed","Destinus, Sandtable, Aeon, Swarmbotics AI",4,Quiet Capital,https://quiet.com/,4,"Destinus, Sandtable, Aeon, Swarmbotics AI"
"Overland – Seed, Overland – Series A",Overland,1,Ascend,https://www.ascend.vc/,2,"Overland, Overland"
"Firestorm – Seed, Red 6 – SAFE, Red 6 – Series B, Union – Seed","Firestorm, Red 6, Union",3,IronGate Capital,https://www.irongatevc.com/,4,"Firestorm, Red 6, Red 6, Union"
Esper Satellite Imagery – Seed,Esper Satellite Imagery,1,Paspalis Capital,,1,Esper Satellite Imagery
"Second Front Systems – Series B, Second Front Systems – Series A, Firefly – Series B, Firefly – Series C, Hypori – Extension","Second Front Systems, Firefly, Hypori",3,AE Industrial Partners,https://www.aeroequity.com/,5,"Second Front Systems, Second Front Systems, Firefly, Firefly, Hypori"
Firefly – Series A,Firefly,1,Raven One Ventures,,1,Firefly
Urban Sky – Series B,Urban Sky,1,DA Ventures,,1,Urban Sky
FibreCoat – Series B,FibreCoat,1,NewSpace Capital,,1,FibreCoat
Capella Space – Series B,Capella Space,1,Harmony Partners,,1,Capella Space
Senra Systems – Series A,Senra Systems,1,CIV,,1,Senra Systems
"Firefly – Series A, Astro Mechanica – Undisclosed","Firefly, Astro Mechanica",2,Astera Institute,,2,"Firefly, Astro Mechanica"
"Primer – Series C, Fortem Technologies – Undisclosed","Primer, Fortem Technologies",2,Crumpton Ventures,,2,"Primer, Fortem Technologies"
Foundation Alloy – Undisclosed,Foundation Alloy,1,America's Frontier Fund,,1,Foundation Alloy
Orca AI – Series B,Orca AI,1,Ankona Capital,,1,Orca AI
Xona – Series B,Xona,1,Seraphim Ventures,,1,Xona
PiLogic – Seed,PiLogic,1,Sovereign's Capital,,1,PiLogic
"Ursa Major – Series C, Red 6 – Series B","Ursa Major, Red 6",2,Alpha Edison,,2,"Ursa Major, Red 6"
"Comand AI – Seed, Orasio – Seed","Comand AI, Orasio",2,Frst,,2,"Comand AI, Orasio"
Droneforge – Seed,Droneforge,1,Tofino Capital,,1,Droneforge
"Anduril Industries – Series F, Applied Intuition – Series F","Anduril Industries, Applied Intuition",2,Fidelity Management & Research Company,,2,"Anduril Industries, Applied Intuition"
Allen Control Systems – Series A,Allen Control Systems,1,Inspired Capital,,1,Allen Control Systems
"Rocket Lab – Series B, Rocket Lab – Series D, Rocket Lab – Series E",Rocket Lab,1,K1W1 investment fund,,3,"Rocket Lab, Rocket Lab, Rocket Lab"
Quantum Systems – Series C,Quantum Systems,1,Hensoldt,,1,Quantum Systems
Vatn Systems – Seed,Vatn Systems,1,Propeller Ventures,,1,Vatn Systems
"Castelion – Series A, AnySignal – Seed, Shift5 – Series A, Portal Space Systems – Seed, Aurelius  – Undisclosed, Droneforge – Seed","Castelion, AnySignal, Shift5, Portal Space Systems, Aurelius , Droneforge",6,First In,,6,"Castelion, AnySignal, Shift5, Portal Space Systems, Aurelius , Droneforge"
"Edgerunner AI – Series A, Edgerunner AI – Seed",Edgerunner AI,1,Four Rivers Ventures,,2,"Edgerunner AI, Edgerunner AI"
Armada – Series A,Armada,1,Koch Real Estate Investments,,1,Armada
Dedrone – Series C,Dedrone,1,TempoCap,,1,Dedrone
"HawkEye 360 – Series D, HavocAI – Seed","HawkEye 360, HavocAI",2,New North Ventures,,2,"HawkEye 360, HavocAI"
"Apex Space – Seed, Galvanick – Seed","Apex Space, Galvanick",2,Village Global,,2,"Apex Space, Galvanick"
Firestorm – Seed,Firestorm,1,Beyond Capital,https://www.beyondcapitalventures.com/,1,Firestorm
Dedrone – Extension,Dedrone,1,TargetPartners,,1,Dedrone
"Union – Seed, Zeno Power – Series B","Union, Zeno Power",2,Vanderbilt University,,2,"Union, Zeno Power"
Scout AI – Seed,Scout AI,1,Perot Jain,,1,Scout AI
"Esper Satellite Imagery – Pre-Seed, Durin – Pre-Seed","Esper Satellite Imagery, Durin",2,Day One Ventures,,2,"Esper Satellite Imagery, Durin"
"Skydio – Series E, Skydio – Series B, Scale AI – Series F, Freeform – Undisclosed","Skydio, Scale AI, Freeform",3,NVIDIA,,4,"Skydio, Skydio, Scale AI, Freeform"
"Albedo – Series A, Picogrid – Seed, Astro Mechanica – Undisclosed","Albedo, Picogrid, Astro Mechanica",3,Giant Step Capital,,3,"Albedo, Picogrid, Astro Mechanica"
Portal Space Systems – Seed,Portal Space Systems,1,Atypical,,1,Portal Space Systems
Firefly – Series A,Firefly,1,Reuben Brothers Limited,,1,Firefly
Shield AI – Series B,Shield AI,1,Silicon Valley Bank,,1,Shield AI
Danti – Seed,Danti,1,Leo Polovets,,1,Danti
Quantum Systems – Series C,Quantum Systems,1,Balderton Capital,,1,Quantum Systems
"Onebrief – Series C, Rebellion Defense – Series B, HawkEye 360 – Series D, HawkEye 360 – Extension, Asylon – Series B","Onebrief, Rebellion Defense, HawkEye 360, Asylon",4,Insight Partners,,5,"Onebrief, Rebellion Defense, HawkEye 360, HawkEye 360, Asylon"
"Gecko Robotics – Series A, Ethos – Series A","Gecko Robotics, Ethos",2,The Westly Group,,2,"Gecko Robotics, Ethos"
"Dream Security – Series B, Hadrian – Series B, Chaos – Series C","Dream Security, Hadrian, Chaos",3,Tru Arrow,,3,"Dream Security, Hadrian, Chaos"
Hidden Level – Series C,Hidden Level,1,Founders Circle Capital,,1,Hidden Level
"ARX Robotics – Series A, Quantum Systems – Series C, Quantum Systems – Series B","ARX Robotics, Quantum Systems",2,Project A,,3,"ARX Robotics, Quantum Systems, Quantum Systems"
"Helsing – Series A, Helsing – Series D",Helsing,1,Prima Materia,https://primamateria.com/,2,"Helsing, Helsing"
Interlune – Seed,Interlune,1,Seven Seven Six,,1,Interlune
Overwatch Imaging – Undisclosed,Overwatch Imaging,1,Elevate Oregon Venture Direct Fund,,1,Overwatch Imaging
"Allen Control Systems – Seed, Allen Control Systems – Series A",Allen Control Systems,1,Rally Ventures,,2,"Allen Control Systems, Allen Control Systems"
Spear AI – Seed,Spear AI,1,Cortical Ventures,,1,Spear AI
